N,P,K,temperature,humidity,ph,rainfall,label
94.9816047538945,58.767857660247905,42.31993941811405,27.986584841970366,77.34027960663654,5.733991780504304,186.97003346018394,rice
114.6470458309974,50.02787529358022,42.08072577796045,22.205844942958024,89.54864778242991,6.7486639612006325,205.48069328139314,rice
87.27299868828402,39.585112746335845,38.042422429595376,27.24756431632238,81.47917527963173,5.936843710297063,253.42234736668553,rice
85.57975442608168,42.30361621338045,38.663618432936914,26.560699842170358,86.7776394208952,5.799510673237539,241.7081326096334,rice
103.6965827544817,36.16126031799995,41.07544851901439,23.705241236872915,75.9757738947792,6.92332830588,295.87584396894715,rice
112.33589392465845,42.61534422933427,35.97672114006384,28.842330265121568,81.60228740609402,5.683057352267168,239.42122921335243,rice
81.37554084460874,57.73301005196955,37.58779981600017,28.62522284353982,79.67566614134117,6.280102031766717,245.60523352119355,rice
87.39417822102108,59.239615694113965,42.75132823361115,31.39498941564189,88.42241025641474,6.396849968216628,290.624908202774,rice
83.53970008207678,39.89957156047863,35.45227288910538,25.253303307632642,80.83015934534222,5.9070235476608435,279.44850109823153,rice
94.27013306774357,42.02336274218452,40.426960831582484,23.409242249747628,87.0329547113106,5.611825965519656,298.4264323920621,rice
110.8897907718663,39.96789203835431,35.05522117123603,30.15461428454834,85.60286015771426,6.593510752061481,272.5524416023135,rice
82.96178606936361,43.96164321360681,36.1586905952513,30.631034258755935,84.34947190241337,5.996347037278974,187.62700203432283,rice
92.4392928686265,43.12958305066868,42.29606178338064,28.375574713552133,88.3081911386449,6.208322387742924,194.3513095125962,rice
108.5297914889198,54.019626215422434,40.61277197569496,29.70967179954561,82.40693394546587,6.284099244072991,231.30492220302597,rice
81.0167650697638,37.697285674832614,35.31429185686734,28.364104112637804,79.7153397161449,6.2628560367470545,288.90797687113115,rice
89.971689165955,45.25957307589074,42.555511385430485,24.287981654916223,76.1546986474319,5.934627179370652,199.34655447048053,rice
117.18790609370292,55.20300948911043,41.33403756510423,30.714605901877178,87.05508115348671,5.779855088329054,287.10707981879733,rice
101.57368967662603,55.18600387910156,43.960912999234935,25.18003474971864,76.65077886791515,5.841902743812913,231.25293463515075,rice
112.72059063689971,56.51826458140859,35.06952130531191,27.107473025775658,81.26116504723169,5.833161715706096,194.38384408004194,rice
93.50460685614512,58.572742597812976,38.23202932020755,27.18790621743366,85.54528438342767,6.045444403568941,296.6138499265153,rice
118.49789179768445,41.2945573956341,39.97248505892385,25.008783098167697,79.27260741566201,5.555330421031799,253.14772007758762,rice
100.10716092915446,36.28696878124973,37.78646464236611,31.082658859666537,78.59342836000458,5.717342308136835,238.73433123330756,rice
119.42601816442402,41.05138178778751,41.72135547405878,29.616196153287177,78.56456315988599,6.59232452291779,224.13397592631037,rice
105.29223322374318,50.838242769022365,40.35774684074759,22.902897700544084,87.52953743383857,5.981170097457603,202.3822212479825,rice
81.63100566219056,49.77232357970605,41.775643618422826,22.165878289278563,82.68139587448921,5.839743662796907,257.42073484913396,rice
86.97465716019965,52.27344345256165,38.86735346300537,31.367299887367345,77.0628141621899,6.011599526575388,193.6168225488707,rice
116.98774473114251,56.93348383452452,37.57941627715156,28.599840460341788,87.25833300301824,6.332801217399194,243.55806940272078,rice
89.67409163601806,37.32756919514748,43.97215757953327,31.004180571633306,84.49652185909902,6.008544686573051,221.9051489535193,rice
109.03822715480958,57.42775649881443,43.87086424265117,29.798755458576238,84.63047469231432,5.6262099474925735,199.39544569135364,rice
115.94216754108317,50.16072649148975,35.0919705161663,23.01471542866032,84.95252653662084,5.507592375769328,199.29696617009984,rice
101.94935157466344,52.297379942317335,41.519612595026004,24.2426930946056,85.68268832021303,5.8558736312452,219.04796377911214,rice
109.85965620472096,51.24082247618037,43.49223410494178,28.576128923003434,83.52462905003208,5.640512151742139,224.12589636713201,rice
90.60809470726902,41.09974108447709,44.73010554752446,25.930977246667602,88.3806983276567,6.446707938995894,275.3773564249978,rice
100.10548372420769,49.422597115658974,39.92517693818864,23.952429877980446,85.83678172892257,5.921158543661283,182.91791597177445,rice
105.81889183628671,39.42776698517622,44.40458584352914,31.539285770025874,88.72296585330673,6.055238050383167,181.8547939834641,rice
117.13274250350901,45.70460370793286,44.6665481904367,31.636199770892528,87.7951418320104,5.941673338104379,226.21172743223104,rice
114.04546686067428,42.923050128906944,36.694927466860925,27.568012624583503,89.04232161241171,6.54404469501246,248.4073404107238,rice
83.88705975083074,50.37518066747924,44.90053850104263,23.40084015236524,82.77494478545606,6.816059607891933,268.89223413050456,rice
107.88062963981072,52.56210209967773,38.594911512197555,24.935918442644933,87.1404173321777,6.715170092018771,284.04867822961245,rice
116.52962210225886,47.783559971523445,40.015162946871996,29.98295178966775,84.74945896166648,6.552950315886555,275.49512033233214,rice
115.60021367270265,43.449878921288395,38.75582952639944,22.93981939840869,83.6742021149426,5.553913410695113,235.8717621758952,rice
101.70578538830307,42.16353130320711,40.908332605690106,22.305002499390493,75.56022283123822,6.733900840989487,223.22287696935155,rice
85.0824205060754,48.05608150137011,42.69993553098611,24.158210274968432,84.34335713728501,5.628021197490652,186.20180654023292,rice
101.25418526272591,48.51587804025266,41.374299014982064,29.260913337226615,89.63778119193802,6.274450522451793,218.7547767529495,rice
111.80744779074814,41.770806281551856,39.38971420705636,22.78456381342266,75.38026115123186,6.943972622016887,280.3176144614647,rice
107.83896824374793,45.223823610356746,36.732943200708455,23.56437042671086,78.75364347246892,6.3238399970591805,265.75151072400746,rice
106.40789506870925,41.99834742364857,44.54865280663194,29.378969166957685,83.31531078767101,6.417581119351528,230.3520074913348,rice
89.9092395800463,43.89931696628154,42.578461104643694,22.143934886297558,76.74108960760374,5.569003963032629,184.8874562782764,rice
114.21842336044028,52.591446484500594,39.74173829087325,22.978341606510014,82.37423812675249,6.210207656170849,200.78422438920182,rice
97.35406596951893,44.96261835993434,41.15850098052216,28.350936508676437,75.67956014658067,6.061918921939707,255.10318988570836,rice
100.12545034320351,56.41224602970806,41.58693631618945,23.629344270814297,76.05853121100645,6.463628917309474,183.18135726499463,rice
103.43102325093852,58.50575603562394,40.75474177875879,25.88169926206522,84.6493232766353,6.187379335737275,245.4740147179122,rice
117.658592351061,44.652565945019354,44.61190563823914,31.053506419560637,77.93686702183945,5.604041951312748,192.0933601652912,rice
80.72887302606199,37.36107401889821,41.83006773416357,22.71188648460229,79.78463445440642,6.767312966454182,182.7926322882991,rice
112.57873930355743,42.046369369335,36.18164827621656,28.967371653641507,84.43414270169826,6.8162080202905795,268.20852525646626,rice
112.13923721539393,42.05086431428266,36.77439543779723,29.506147516408582,87.10252108900896,6.98575771300101,229.51412122937117,rice
94.88072343171133,54.41032401854992,38.40803540253018,31.307573256035646,87.87619127764518,6.143491041062528,270.10452813497966,rice
110.1817149633873,37.578096720898316,44.02552906679567,27.052523724478572,87.39686199161612,5.9800744015459175,287.46278741954404,rice
95.56806714936653,35.27094128700746,44.05381976419264,22.912866767861335,79.78970456385622,6.925092950576207,294.0728576325067,rice
102.93751552493144,50.79593030424498,39.4844552197832,24.932107716980646,79.92996818054874,6.508777684115557,270.2849435325216,rice
111.66316174903395,54.740453569863845,35.9120610304869,26.944203047025816,75.86338140024966,6.324293323485604,232.98366016480526,rice
115.508167310332,43.77287531380197,36.17067016427606,23.42991682052836,86.42265947576209,6.427327094974392,192.13472113473483,rice
83.3642722445999,52.524228286478,35.72763006364193,30.218600592903563,85.59363340734744,5.62202317096285,190.18052569022302,rice
119.46558314004702,44.35676989390301,38.70642147066891,30.127995672575025,89.20872866075788,6.979001595734307,270.40538223107296,rice
95.05038342123663,37.08751791746672,42.77146915927437,27.58404249735805,81.36333013870464,6.8595315776421035,193.34369787673816,rice
99.70500417163436,35.283841119185475,39.68660641994126,22.563032756818373,76.78226874402108,5.676289370165657,257.9052362539276,rice
109.84179517061693,49.584219127428995,44.62172548474542,25.74870579523704,79.28568129422791,6.80289869228419,206.83150062233432,rice
118.52890157762445,35.30386186724541,44.69878826707639,22.431599119505762,88.36714670547107,6.29155166362945,299.15577553431604,rice
82.95186258941595,48.84635711003302,44.69302535619099,27.230978441701488,84.44097957202894,6.543623033476926,234.54492777213278,rice
105.10232320336254,49.607857798077504,44.01158010490989,22.45446380341458,79.21444784388345,6.925617226114838,286.83165406690995,rice
98.22627011142852,50.50331494503842,37.77381182981133,23.881211597237613,81.95547607409974,6.0300283420390794,250.03873342210466,rice
83.10938547859939,59.35987019165417,44.86210744479603,28.98161714019745,83.04144549516181,5.964291424429492,277.65540236483383,rice
107.38924690215518,39.06542348362228,44.10927184493843,30.22537242923169,89.24699869937886,6.58857926258254,253.60982351229478,rice
96.72972145162475,58.31821208385033,43.660638895004084,22.452186701061894,75.39550461745878,6.0646950503170745,277.26639969381995,rice
119.49104517259778,38.760422277588205,40.94130715352135,25.808908566310215,89.54871596721905,6.763178384703563,280.5994445653365,rice
98.7477263917988,45.37048755844163,37.73407071930706,22.563754966509272,87.9708356438258,6.719351513695116,299.96612079433567,rice
119.86547348295622,48.88579264006569,42.68987415180511,31.447657298824282,87.74471086016118,5.871022152614796,234.06529623721121,rice
85.1663766060598,58.85127568146806,41.0617463445088,24.286428055034627,85.07551026608785,6.427192360686844,222.97952616394087,rice
84.54230368798517,51.78932988981999,40.20307700903793,29.723183917356394,82.8024525166799,6.77827225047781,246.22882065293828,rice
102.43751886141546,56.91634006645863,39.03482866212397,23.340152284506406,75.43174014470009,6.632705883510429,254.43714616241576,rice
108.16319072396894,40.32410403772277,36.3637147558677,22.145446656678818,80.25881338209895,6.38487653028195,227.06928541196788,rice
97.49899688094916,57.60396736234371,38.482554670233,27.139894891598107,86.75479519111715,6.094814173481906,254.65040402734482,rice
114.4945483498698,58.738015591441055,36.47073480929038,31.265876251614944,82.38174439619307,5.887366582448437,235.09629074859134,rice
119.20130301141909,47.31545234982174,38.28751610287508,28.334008543167258,78.60218428167289,5.613794992162996,195.4655666292779,rice
85.1218335583109,38.79756733780736,36.388271726494104,28.408747448032145,77.72820126598717,6.018500924985795,287.61460918872143,rice
98.95846561051489,51.68894346302568,36.7231987120163,23.922890188086708,75.61302924399719,5.7534025946082465,213.43084068383504,rice
87.08041937106987,37.21756334392639,36.20635871100601,26.607787680327256,78.0950057760869,6.0464047915721135,240.41007250258284,rice
107.61579314517462,35.98280349602747,42.994103989090426,28.279003894909078,76.22638547923307,6.810367936160166,290.5046880638176,rice
82.44311839419456,41.92194120368009,43.06201279793061,29.482596903836583,77.76781529034567,5.814023985005066,224.45665233496584,rice
99.38091940764085,50.4563692882574,38.68913639569772,26.62534716133148,86.21206407200634,5.555024804335897,210.2924333212825,rice
98.5339834353821,57.38017094217999,20.116774421156663,22.78902136738784,52.14344022679552,6.394824733646909,91.9570359873014,maize
79.69882014538919,41.731080773734526,18.772841631046226,18.180640779999536,56.441583311663564,5.922896013993089,79.64984113067487,maize
74.79048527277004,57.263182018497375,20.935924535540487,24.111920872300406,65.78342477214676,6.496884397858114,65.21521728524542,maize
91.48426167274191,49.671027950521975,22.454394741843302,21.884935916067114,52.55160605591128,6.067551811597449,81.78493778391811,maize
95.83668965326405,49.269457616722796,18.56096725897846,26.878637239136815,62.11549638713774,5.974453583471989,66.10694835722423,maize
76.11436556737328,41.1489432096127,16.60681373259556,19.67910321646175,55.701903373876945,5.846747190589509,113.8059254775855,maize
73.20934982646568,48.11278473925637,19.103968269896615,26.841407552177458,52.24077804336105,6.2957111980914835,118.16822599652212,maize
104.62028503575921,55.426801773731995,17.5790282704494,19.537988286510593,63.372864398488616,7.358751978255172,93.40577358083578,maize
92.864507578796,41.9994773415071,22.69492933191937,19.68339373701771,56.47358472808487,6.350872877232834,90.4566227210673,maize
79.69638929660321,37.870920618480085,21.106200424416325,20.597674979162303,61.624764428452245,5.808725430548405,88.86840611128905,maize
91.30357730206343,36.29558842056067,18.366042781939207,19.209732092450768,51.267499409455354,7.479920464779891,79.34123069848337,maize
102.3949778341854,41.3660163690941,21.815027222239294,24.842050739007178,61.91277481215688,6.443152377100317,84.71045484883611,maize
83.95473066171981,58.23822860619565,23.306194077877294,26.68524219599861,52.485944469710894,6.961734950407289,116.30042740926227,maize
77.24932264662641,36.66240668416944,22.41120649290059,23.170258018619208,66.83657553516544,5.779544753252579,107.71603871159341,maize
78.06509280190978,39.091398571642614,16.64265797930993,25.33117248208244,63.303944413924,6.546130849538239,81.52982904741015,maize
105.08802163252433,44.811127685565886,23.16599439471577,21.952214177131964,57.53888858849815,6.425359571339213,78.08267244984853,maize
99.90437520705004,47.56800975231198,17.322126951468174,26.096171159471115,57.67782442746423,6.587105722227977,114.38832665787282,maize
94.96951983655968,37.9224510177091,24.398321236134752,23.64937247764276,56.69811229314172,5.778544145326775,107.64151135621776,maize
94.80291023714054,48.33652729940804,23.938925830509575,25.09737490102078,53.033497594655024,6.123444135591097,74.90934838886794,maize
99.75785170290708,35.83831086839449,20.698896848713165,24.862128171666214,67.53531273523498,6.184163497431815,109.27543828032077,maize
74.42526947820829,56.16130729336295,16.274886623319823,21.575585615043305,65.94590731559107,5.799834854697547,73.75508371395848,maize
98.89010273572265,53.00091341365186,21.411476328852974,24.2455360002039,60.854488866951925,6.0035981178139055,80.74175961023516,maize
77.26390867205703,57.71126403334071,20.833917947661206,21.60766275087276,59.24011607288266,7.39456667922363,69.2010841869648,maize
93.44919328067189,47.64721697211165,21.11454235434648,18.162991654387564,67.44247817888302,7.364236564967225,93.90799101535254,maize
97.8660329550757,58.062484529432396,22.072386343133985,19.37285138622835,61.525767203336265,6.713430092765712,85.44784027814316,maize
99.45776942498891,58.35917536922537,24.255685129067764,22.05755434263719,52.264760916815106,7.469682397924669,110.33388518675605,maize
74.98650724813068,58.02104706543431,23.698963620621285,22.669542514134648,61.82550871489859,6.298005407740261,63.28569832932188,maize
83.40788966583604,55.071336214950286,15.046320230046028,21.001492545220298,57.96337387181887,6.5747912058758455,115.19133698476563,maize
83.85383977463844,43.673830047405694,22.375012481097485,22.069961468008266,54.49209645879964,6.404879032265387,68.45142122278799,maize
77.05547946024893,47.45919431848699,19.18925449504548,26.2336131096129,57.24787798233266,6.661176700556087,97.93585727517183,maize
70.52377826353334,51.58843430041777,16.780359668697514,26.649632857225097,52.97325455506226,6.329248247454047,65.12098008471864,maize
109.87497007383789,47.554875258281065,20.953850173200436,18.603688296495847,64.99920940798356,5.919811186191172,113.88325736644282,maize
78.20558561928028,39.76719301659166,15.365496678480948,22.248602505989993,61.29682266525233,5.631417278856705,106.53165700170064,maize
88.13155338992111,48.1097567331895,19.40762746938228,21.606867547877933,61.192806626164355,5.810480491861425,70.91568782971626,maize
104.47142484054069,58.65288655334082,18.73309316279753,20.436702058291985,62.87999086478031,6.317468342196193,61.52318133962069,maize
76.24610389464762,52.89930572118494,21.589239419101514,18.24386393253135,54.43944323865899,5.962149593176143,100.3135646159237,maize
70.78842151017457,37.60271454961435,22.999160853731894,19.606901958489004,63.054922157037495,5.976365562093453,65.96648356556071,maize
79.72688763997816,53.05667329639148,23.55696468106286,25.471978781102926,57.943670592369095,6.836170273141292,72.29905772494925,maize
81.72590921044053,57.40839546302799,15.13001923510736,18.76957677769021,54.157725102920544,5.553064407747639,70.88612610538783,maize
93.32166243878768,45.53561376481245,23.92671711076975,25.356992055645968,56.83634703395752,6.018846866862585,82.78154449003601,maize
93.6117977005923,41.701591020571904,21.24148907849134,21.684704869721163,61.0409436170396,6.372253058270633,77.66794557251507,maize
107.93813227848626,54.09014485399402,16.401131757664526,25.816211783081215,59.74862396499027,7.289104453788183,107.99131535683891,maize
87.00854017876934,35.561732708002936,17.68677359384946,22.874707931947803,62.669564396522944,6.015775370866405,68.36136444436944,maize
103.39720947197196,59.61005451758881,20.25690182302686,19.545113572634733,55.44614653038738,5.536781353094933,114.85792839362995,maize
74.71004331560565,49.41291188785634,17.74055220687206,22.98760202264214,63.02840776703729,7.159483607414403,72.3852763056362,maize
70.43983314633923,38.42214075172018,24.00018641848105,25.865010698062637,61.94826204340617,6.701033720867307,99.90220047277532,maize
77.01485114493798,57.860298648123994,19.187705248920732,21.448246754245478,60.378354105656754,5.59393193355011,69.97700212536476,maize
99.52134465705481,37.06996669812816,21.03152109466388,20.20814198713189,57.78591228083953,6.0773874735414,81.34036298789695,maize
98.76183620736981,42.42804289057938,20.66404640296897,22.284453619791897,63.27342330725296,7.373659478649516,103.95432583261501,maize
78.59761514363026,35.779578376532115,17.62264044299825,23.355701376302292,51.02851626968501,6.492732494402473,95.81057093501335,maize
83.36975563267843,54.272805093645545,16.065982531337717,18.67624003562228,64.56377512407207,6.490982632412397,101.30414378566417,maize
87.39309354414985,41.16005083097767,23.191023176741997,25.194742910720812,63.893929417088536,6.044290274459925,95.41384001214523,maize
84.43895587760107,37.28955183316585,24.17313575462243,19.23136767827065,69.00474707641605,6.392011545915912,71.10797573031718,maize
91.67603789513433,56.82364589691021,22.322248864095613,25.25905033075305,63.175667334214346,6.884553129035705,110.95173909391916,maize
79.98672035436743,47.23562409107851,17.212094418196024,26.889012071969823,68.88118679373227,5.578853622737012,102.33451035094131,maize
107.00993269662663,39.51438362818334,20.679452305526294,26.239394678292378,50.67891957171598,6.89484053449368,77.84094044235304,maize
106.97584781506121,59.27645612913419,24.44266489113434,22.267927949917173,67.24085301978627,7.189098797070141,79.14602839459533,maize
103.1566189660271,35.925190867887316,20.96269878482053,20.07007953558933,52.41133771554558,5.653906403258418,101.77732655268838,maize
83.59499855072265,53.11916928821904,15.653563407989424,20.837613040475492,60.78982584750675,7.081446329677927,79.12515017592419,maize
95.03565505748037,57.14944370590467,21.158631881823045,20.096635272782706,50.48801563113076,7.24019774780186,61.27616465102323,maize
104.98806690736798,48.2234283506803,24.390676985128962,25.189049121962988,69.95868221066675,6.20142363090342,106.0312973358676,maize
86.07723654436968,46.99689050759772,21.2750546321837,25.86309402767705,69.6816693839859,7.036546827729037,85.06600693004003,maize
86.85428009108281,53.43955753972229,17.387771457683023,18.99426701818255,57.092443152815534,6.074477983308164,77.7784872273594,maize
79.3443100419964,36.052329740909045,15.178739347334139,26.88950150762428,58.55546267471725,6.268653294319363,100.77883696158419,maize
78.73015551460257,58.749029598755634,22.86345014415552,18.804699020810336,58.35161551569857,7.258236615124329,116.68392133748462,maize
88.69606044999479,50.335284730267695,16.67033946092075,26.92051763523279,54.63343402766887,7.385463548270251,98.97879893954212,maize
94.30947179515437,47.81721277541271,17.306698117177586,19.588752288049573,54.409724181403504,5.872876524288509,106.7750684140052,maize
84.00501036666921,36.44606691408491,24.691026301408115,25.954072964670832,68.55504566390425,7.489815645292871,70.43371495316924,maize
85.84968075610635,53.95596189260228,21.960206180537924,19.385063157058696,66.31666249981235,5.948881143673321,73.42905688935738,maize
91.47897691573654,49.823498371042575,20.80086207837811,18.823381536579795,67.5492172526076,6.031200085177412,67.77089527696825,maize
105.54992319475909,58.891287455743836,23.621276172654504,25.2856446725239,63.10483961278044,6.601714741218279,65.21920559468461,maize
86.33812852282794,44.31721292530785,17.597537837603262,24.510781023197264,59.91751470157541,5.662092431815296,73.21099211698868,maize
97.33035054638384,36.903271487257506,23.51206914048769,22.45631874312577,59.61173154653296,6.684815569319035,109.48085795550895,maize
83.91236831608772,51.95040381397659,20.65731963995791,20.403254431524793,67.57259972710315,7.094852043213856,99.50711007950554,maize
104.02326916376967,56.68235502399506,22.08362976715035,25.533119955273047,63.94942923338567,6.860281543520601,97.11668269291106,maize
100.10866558230565,38.96512763232684,23.808707591989283,25.846591749707088,50.58494566069118,7.151633501129526,67.73219204840672,maize
83.40475417036568,53.5877064072902,16.60759896048308,25.361703217071558,66.64268355915485,6.514935467521672,60.383152303010014,maize
81.48152532699652,50.423172959393554,24.811861780274235,23.686321743150017,55.196071621283195,6.768011406199223,92.39912278295134,maize
101.19381580604575,37.67451597067396,22.61027902502028,22.87139920808499,69.25984007717989,6.183744332077373,97.9573135880369,maize
107.2811242204007,37.562743199766985,24.37228487236451,24.19097150070732,51.35674118210344,6.101927133893632,102.4903253187169,maize
72.69402405875087,49.55426150440683,18.458830569529567,23.588239659907295,50.91484067625026,7.2430736123047526,118.4093381506438,maize
108.75511421142767,53.741295793573116,16.30086240130632,24.824368763361203,50.49173832917603,5.5442471030579945,79.41661314897247,maize
89.54572761618664,54.26018544519483,21.832953766065053,22.013124357390737,55.47253332563332,7.494249000315422,85.57087813415838,maize
88.05548097318702,39.09059552979173,22.948095487499295,24.2431400320334,54.41539225577521,5.664762091231685,100.82995812448279,maize
96.1804485712454,41.83148817495523,24.5086356225041,19.3595210260281,58.64669602085204,7.387231840335198,85.18363901556734,maize
95.54103790656342,44.939859949069856,17.7421520234867,26.855798831638452,58.18668012630086,7.288198407358269,73.79727635346518,maize
78.52418816100334,35.77835207211278,21.51666825375885,21.31673709351385,67.28716499679274,6.446419813383114,118.09160567488331,maize
77.42102062812485,56.71557919889027,22.765968527917416,24.938296601796466,66.89566456233776,7.022047981885998,97.57321929788492,maize
75.2497951072955,35.813154487281295,24.20847847815687,23.549852830686643,65.93074581952352,6.4630447030251,67.03849133774366,maize
75.00743168810202,52.13913218072429,19.303058948994625,19.80472254030303,59.831890934828735,5.628417874150268,94.91828411486392,maize
100.75973617740391,55.951182012743764,41.207239178471475,16.828302236227017,50.17430809862151,6.1086703316918385,75.6997422562674,wheat
109.19755338868494,52.00041096238607,40.833251574186065,20.424728291898138,62.90183595783807,7.169776483340025,61.58475301393429,wheat
109.22027789031316,42.0986035683635,39.84090031725055,24.799938899007195,52.1374331435227,6.748332230177034,84.72622937272476,wheat
118.09859882176416,51.19297366973828,35.195416948383674,14.896919623659878,57.76567465077067,6.13179974871725,74.02507724836723,wheat
91.32812435165467,41.571569943100414,42.93846552403192,11.990736310645906,58.51311272392337,7.034197453705898,92.0234679643633,wheat
98.0060097697924,43.349651645181396,37.091356806688005,19.54645374315455,60.59713589730352,6.047379217238463,97.4484898497476,wheat
92.0788513460589,50.825926706021406,49.18121038901833,23.064536856191282,60.71130398198642,7.202592124604688,73.57800770171224,wheat
122.5930045498605,41.6022969276935,52.89633312121055,18.213885642306046,62.259466549437406,6.67847742677745,85.743107807861,wheat
111.05610643744453,54.63179043510664,36.632599640611794,10.905281259858457,53.706548510152196,6.239317020169782,94.87134266368807,wheat
98.76855949432178,59.51730511638263,41.737915835422136,12.731768735330489,61.845477607137184,6.988061663251314,79.92782865812556,wheat
112.21454203750525,54.384035565445274,39.56909482662597,24.94500874085113,64.62189743220175,6.975488529520406,67.9816980371658,wheat
117.20912969725165,41.443968179583514,35.61305004411612,13.865243327668205,56.939344351089744,7.302408758112571,89.08676279065233,wheat
119.70826084799924,48.50986668896151,41.91869985093926,15.565581444769041,64.81474345604087,6.060163787118723,94.68125984489794,wheat
113.14701634289574,48.77230838379181,49.50515320830273,17.300034121370544,63.10134857122491,7.351052796016887,76.86883707493821,wheat
101.07311188940207,51.84700657186724,53.24726691233382,13.159932835084998,59.34449875345224,6.947340330138781,89.32452089661123,wheat
95.2627074050904,54.31649929364177,53.18065041331282,12.69524663305363,53.563149873858166,7.457092641062459,67.23907810837959,wheat
124.17540373478317,49.84555712896069,39.94462148806354,23.06124851908767,56.67957882503998,6.772226030894535,74.36933477599062,wheat
113.71803405739709,43.27047745170046,42.821630733035214,24.541184835029313,53.872001490516915,6.9851049968119385,73.00760256898779,wheat
120.93892502746402,42.617473214366996,54.39642090157089,16.80684312075459,53.54075695019696,6.110245120995019,66.79031620350163,wheat
110.79095794224071,46.740063528625726,51.577667317652185,16.46331285492709,53.73071408881445,6.925717479906045,88.27108867541783,wheat
96.681676316038,43.35238432576635,35.73342853867086,21.04603022598461,59.95706791432708,6.711946313624721,93.76681795876789,wheat
122.22680611800213,51.70708728793504,52.36542561026518,13.087618150551524,51.67879429096592,6.4046244172754845,62.28347424357259,wheat
111.24678112004128,58.73211384589923,35.78687081337019,11.831648710150402,56.78298542425153,7.400812526291857,72.64624419907003,wheat
110.2893923475357,40.83145718100784,37.966864019241775,24.799451844382702,64.47678044654069,6.007409971401614,98.07247141692956,wheat
115.56479751262002,57.35836589040044,44.094797112677185,17.733940428688754,57.3326987038538,7.000296386319157,65.58605019025252,wheat
91.19894359490712,46.15859883182382,49.09361525473294,13.027801781844225,60.10148649987376,7.454868069160906,63.75602863157673,wheat
116.90408472900505,48.87500438609142,52.362845087550106,12.657246841710789,60.38938928339247,7.257172934472165,97.78456877896093,wheat
117.32992113158583,49.94349528016855,47.35694480402428,23.033574767180774,58.55914619958244,6.0455805895452555,97.23794782027912,wheat
117.58107004126245,53.53026771554493,39.31350304795434,19.883282053489857,55.90796608481238,6.976849465562238,64.26372121231962,wheat
116.31381218412145,59.98827451541333,35.96424077721112,24.65761276331976,56.10361941084306,7.3061301755058885,91.29541936233093,wheat
112.68065043946672,54.76898418502653,52.57031122602696,16.062104824765495,54.90549742344858,7.001390078345377,92.31383767765034,wheat
120.49140539106463,55.95627297717269,43.711666296258656,22.267513242625323,51.80313583055913,6.816733646941274,60.230346419924864,wheat
102.98343319601081,47.32923069742796,42.92345383218511,20.432008100347932,55.82837151905519,6.673040433933796,69.5017652349731,wheat
104.9300716651736,44.54539254526303,36.46391847536887,19.05172890072067,60.023191978325244,6.929235519014422,78.5397617520229,wheat
105.19143120716919,57.26667299143651,45.38163570272436,17.187728164445964,50.384630987096536,6.511871741439235,75.20782475143429,wheat
105.95291123587602,51.60344738454665,45.672050934537566,19.11857639190167,61.473248923131926,7.21947860807414,88.72492304905978,wheat
128.2209478381974,40.36465165352723,38.91555971367092,10.113443124672132,59.71212071231905,7.34704582342498,69.73929186305197,wheat
127.08138179185227,41.20534780579122,53.68872053611028,15.274340308594516,51.52131242673825,6.728807638779489,70.27106270882032,wheat
101.39491607847691,46.14579929852573,51.06051795665327,18.087419150128817,54.66961548734005,6.915500674966378,88.64602696892774,wheat
100.90496002934135,48.27098203050703,37.437721866738954,12.717240243020205,60.216767809474746,6.27215752154344,81.0065353466824,wheat
118.3618504688973,42.13753846189488,46.34624439257807,13.848441755520456,64.4439031285637,6.725318470079888,92.23970199100633,wheat
112.00906168625048,40.86825065709638,47.66302751188044,24.271050133099855,59.02417730219497,7.2287832891401855,95.36825853393631,wheat
99.1231908779573,44.240896798164535,47.21961977701984,16.16542704710057,62.597919543000806,7.350034685097016,74.13685517210872,wheat
99.47482235897928,55.61051030487724,40.49612071096272,22.339214777705173,56.356073804731444,7.001324848937205,63.82141255338673,wheat
114.95437298706292,49.03535357474458,46.73216926350948,12.52021311617295,61.053106174162735,7.294195616314843,68.66959200363102,wheat
93.82858222080647,40.47277172092673,47.83943000886532,19.106410541331712,58.20046119071105,6.347920644173963,75.63623983622058,wheat
113.77905340744692,49.935337177183385,54.755710404297744,12.046596288350997,60.42716831071391,6.606478152156438,77.1279845970246,wheat
118.70391062632706,53.84872302648739,54.825119874043764,11.925914341811879,51.561644740762496,7.086508225693112,83.13547668025636,wheat
100.96642666239224,41.58838737977973,36.71316499192861,23.412863119961774,52.87800987078114,6.485057343173281,69.06625608907952,wheat
104.1998522332775,41.38847685492187,45.38119581816541,11.014188453883223,62.005347617335424,6.350568122865649,81.60047658418043,wheat
125.20316350245832,53.01754738094388,45.65915573102671,14.865006296730634,54.99502869587297,7.004230432797286,99.7655744488467,wheat
116.47356759397515,51.1556683474005,49.61301020478492,16.97808418425577,50.902135139011776,6.843445223816865,98.3050113802152,wheat
97.01211769430638,53.80009781641331,39.01867377318113,18.03741526709622,51.450146744700795,6.675556404387278,90.24653315580984,wheat
103.90286096955928,53.29823448974436,50.90899921579458,23.90766729219179,53.5196312278318,6.5989738737139625,66.0966405332167,wheat
129.699340086335,58.54001935848591,45.799142605611195,22.63049941564632,57.81436965908063,6.9353785320041395,63.56497728464066,wheat
120.21081681987232,42.5542696727047,51.521352605050566,21.73042131505579,60.631170466144646,6.054240570787143,72.12513423781314,wheat
100.52450279643372,47.202728149430385,36.75285493527677,24.05436734546594,58.30703361068564,6.458286465987035,75.87926068297133,wheat
107.88810162019342,52.011886667212345,45.313588553929954,23.79087959821626,57.454452243587454,7.488237022234969,94.05699830980383,wheat
98.34042057429343,58.61190429287832,37.32732795770952,22.261745627367873,55.7093494021487,7.316961480667604,94.72226760429801,wheat
122.23701600470486,55.80060872614123,41.09358278196082,11.213789245768783,56.044702681477425,6.260286772479763,87.79804355609846,wheat
103.84398906151142,59.5122040171983,47.81944154690664,22.337208454515412,51.987870091127725,7.293021723408934,96.91028762053577,wheat
109.48247675275744,52.12505875501955,50.29619601805991,12.622579408906187,57.538491146951635,6.59799454165847,65.85495968648996,wheat
104.70137689166125,41.36344618770987,35.51623813898974,12.027494337322342,64.4467266738376,6.8242943038425254,98.6328864461288,wheat
107.29991513320527,46.23632266170519,45.122837256804885,16.59267532949365,51.58497026392616,6.9612394720353095,68.64152730038398,wheat
114.78351819591319,53.00402184796307,38.04049706257296,10.920244406660021,61.7114237910266,6.68970063565398,62.32655182021903,wheat
129.7946526867907,41.15561121992733,48.90070457717106,24.755183878951204,53.58770156323888,6.213374053030794,64.85539757689716,wheat
102.13100590270382,42.02091622021293,48.84322683388264,10.93437697195094,57.64133192224685,7.495045280779465,92.55881078024075,wheat
114.60877752924043,46.125072415732234,47.47791672583277,17.905621958674775,56.391250758355575,6.196065565110299,95.46416860961867,wheat
107.99138595285291,43.8924502364153,42.355187017545795,16.211946287933905,62.41306843350311,7.100421570842103,90.77219574565359,wheat
90.4412505771459,48.323079963595234,44.62688303270647,10.28788415234585,53.897198131175514,7.140434734683202,65.48438822915996,wheat
111.41240525810366,44.30403744034475,35.24241549287787,13.618021863993121,64.6381063236508,7.202305667824485,98.38306577284133,wheat
109.5141617570545,42.19472397355007,45.95918977947386,16.815660018399413,62.66535624109424,6.147123871176367,79.52964548087112,wheat
96.00194658775936,46.4935185378012,49.747141547755994,17.1402719405315,55.63832427718654,6.591714417855053,78.37787073623946,wheat
121.40066175348227,57.84169377880469,54.10669373007856,21.803550793829427,54.73110343622019,7.032202059129814,77.50412496221568,wheat
100.18682488184204,56.81743158851845,35.7685269792465,23.52642988203135,56.92216196937101,6.955802215212421,86.37415688823131,wheat
125.80470962826146,52.733393643344144,47.27867169520124,10.999780608410349,57.77612032917806,6.225253501225563,89.49735074885942,wheat
110.48887683250697,53.604555584167066,35.833458012047686,11.271880240687048,60.744850820940236,6.10812650399801,62.85026911061034,wheat
90.4843390093955,59.1300279659896,49.75016718918014,15.298771127530962,54.44803371931483,6.524554844618774,90.98614124724728,wheat
116.45482444281657,43.703911357349355,38.48218670668169,11.47593474570096,59.90454079552007,7.146558993332604,70.60185713300017,wheat
90.83779844123652,41.64343334952855,54.357200696900605,14.431671662161303,61.538347217572,6.936995353281396,75.27758558611583,wheat
98.22749048782221,42.42772836318813,47.30025936077733,21.61950670956682,59.65856380311696,6.795453199873737,61.67804893726545,wheat
128.73955110377534,55.97428383309149,40.856440734019294,24.69955494038276,59.02822384454483,6.873633987310869,89.9229271771813,wheat
122.4707915236055,53.12957214663005,37.561914927324,15.074012589917476,63.92125460489075,6.336923417765778,74.88668095350053,wheat
107.28307531776784,48.788099793889046,47.25879164989051,24.146137566170616,53.61039067748757,6.182252064451377,67.8988195943975,wheat
125.47699600837078,52.916216253104125,40.7181357847832,22.23920408452926,62.92054994545154,7.269771508035417,96.75706134558217,wheat
100.08964080693447,55.10083857492557,44.2107899454828,22.629978293350923,60.9273601574242,7.164671169749587,86.24647350724285,wheat
97.09715077878828,50.900538377938766,54.69339479049016,24.060820997456783,50.647606036955175,6.2472222235941555,65.26915093818248,wheat
119.03919639941182,56.355706597138905,39.27022732621344,17.587790394277434,62.610545420168,7.099202317149376,81.68948821967393,wheat
113.61390761835091,50.167210938325596,40.95096902637641,18.47532989288524,60.33327953075136,7.309984373791211,85.45165415916992,wheat
120.44486148172632,43.20143269909146,44.2311494883958,10.139974297406399,53.70018296782435,7.089692572669508,99.67239805397455,wheat
103.96712398348863,45.03735789653221,23.000709686991595,24.040356346288988,71.10169898604573,7.412756851265285,90.79927251300896,cotton
107.52098938461664,43.884614217143486,22.837917844853973,27.542265141320165,60.104592270858255,7.474179672061807,61.76556774701196,cotton
129.8293513092493,40.06201400413094,24.580734801193802,25.679407513020845,66.53863232676159,6.1275537107313784,75.28021077451075,cotton
135.06603047312802,59.908358440681184,18.683095305068484,26.486106309545427,74.44141876405475,7.749630717023164,89.6522167093392,cotton
115.66102792711317,45.315546021215596,21.95618146496807,22.032182636042787,72.39178674919681,6.582084622970986,99.7098665638542,cotton
103.71962559292528,49.70505667370976,19.809728898861238,28.423255259052276,61.297071889659364,7.075964332341889,88.07422939797618,cotton
122.42640377664684,50.08719166491137,21.764679372263622,30.0498899968077,65.39641440256429,7.615108702396137,84.91278411317268,cotton
103.08233116537325,36.46377323109948,18.342383186960607,29.848969771114675,74.15361869481832,7.534952922279294,85.86345282208046,cotton
117.60795991821962,38.6863131676571,18.281927536093114,26.340193661738752,61.772008593592346,6.285346295964665,89.91126470318694,cotton
129.4265245695676,59.95868778482374,24.33113331343558,28.425651995351913,68.42496106588143,7.199590202358112,99.2825809040116,cotton
104.7334476369355,45.2476222424072,23.39802285635617,25.83832951933044,71.43744542454372,7.093092593896836,69.22381265668197,cotton
114.48941766609154,43.362782218548304,15.261967085320649,22.241917638913552,76.63394087351547,6.4007557819401875,85.90393831194078,cotton
111.94902294355091,58.51698112788351,17.592967588657736,26.29656812738935,77.45460500969205,7.652253846941979,69.30507089231386,cotton
132.1057323918284,46.45467216844732,19.829688720853554,23.33479972415944,61.612030275142494,7.401466475342284,84.82305761776499,cotton
117.47402810460719,53.23770571630992,22.6551289899111,23.589081676693535,72.20450298955282,6.097778981010908,97.56875430145229,cotton
126.27820625068559,58.91536552708645,15.689580163564212,22.570547211512544,65.643741493864,6.375752504218993,72.3489399536,cotton
136.25018322084145,41.238654996237656,17.71949726128631,29.593982624179638,68.9947968490108,7.508763225301399,63.26830787821926,cotton
119.50284774693537,35.84034000458207,15.626532034553545,31.06437453344411,62.78490742235191,6.971325501005477,80.55478013003533,cotton
113.8937330503537,57.49583364218181,15.218233967754895,28.63789686175589,79.26788868427101,7.032370003616052,106.84112310165459,cotton
102.09031517144095,45.469832976854036,17.601577909620513,29.308209649807296,79.62594180994493,6.3643661373773455,92.70873007370372,cotton
107.9239053103896,49.13325636429025,19.639324866883364,31.72005329631537,72.17054545392934,6.568914018591001,65.70478924439666,cotton
106.04987314939738,40.63292324878088,17.50966661340298,30.50616057841138,71.2244557656505,6.951460005023606,65.73844359346087,cotton
134.4055877339774,53.07035758021209,15.676683619000016,29.078350972297685,70.87076434685292,5.979795760642912,82.91503207643282,cotton
119.38785148520188,39.144363504081895,24.456981470002823,30.49975371480662,73.38044674658217,6.817050234201336,80.58827707922542,cotton
126.03893868603816,48.63579673517263,15.622731058818855,27.125026487703316,76.12807234465679,6.810327730713308,62.59782887771342,cotton
131.45112797536132,40.034094553399356,17.586208348880387,23.64706353432296,66.60430129742996,7.464853312514997,85.96929297519686,cotton
108.19525096602851,56.94575195380102,23.795818549515293,30.70578425046007,64.77592422763078,6.792726557198174,109.24948280704376,cotton
130.8804990523996,35.679185530638996,15.65204591260492,26.63931376812333,78.1844041172312,6.985143955495971,84.89062540171452,cotton
104.21894799826522,51.41950261810735,23.221031606002256,25.804200075075624,75.51223701850655,7.9218486385817855,70.18832295638445,cotton
120.93318524778965,42.17844895211439,22.928544190338393,27.775933658811574,72.69164835100608,7.555411151154967,79.79852363312274,cotton
136.60360273628174,48.325721681153496,16.57954822835348,28.958991181688024,75.86522700876509,6.496875689548559,102.85896284993765,cotton
136.24573019063064,41.92261218444522,24.83521472715222,23.407115280487584,64.0403133680498,6.205294646323657,104.69948550039352,cotton
126.17170209299847,38.802607080556825,19.40323418368349,28.152980250698022,61.66928169978767,7.741316010496146,100.18017677207675,cotton
120.20827094306553,59.17816538147926,19.177609792750996,31.841103190364976,73.35839997607255,7.196276801158671,68.29774476478926,cotton
135.27711033218577,45.68724219801538,16.622334057824794,22.12607519975759,71.19511367276765,6.960279168669888,95.96768111845793,cotton
135.61032212071208,36.985164616075735,22.314964903403624,23.87411944097582,77.16354106314327,7.601939730495643,87.03968774927722,cotton
128.40971194493247,42.85875282959371,19.711678989328146,30.216368977104715,69.18530394346428,6.587156183715972,84.710622362515,cotton
133.12997009748875,43.38020118427182,16.73761593135744,29.120140203307805,76.51956425416164,6.021402452751773,71.99370563779723,cotton
105.67887959043975,43.698535289554165,19.503509789054128,29.488263369633064,73.02295169763349,7.166042848452548,77.61874733048272,cotton
133.6579021233904,46.78217918495412,24.791049380151545,28.341421382957368,62.525294831290054,7.287590636565955,76.25520077158495,cotton
127.4530878674439,36.74102870406014,16.748814371759593,30.557372589057863,64.5435911404703,7.641490475534468,73.96380442272053,cotton
125.71527640234831,52.35376433774577,20.12654753145053,25.053106766967314,64.25288752742192,5.873016580037337,75.1973200620362,cotton
126.12651162125132,58.457620461212066,23.71204482263052,29.660647765353026,75.76894686506597,7.26296678764719,73.01434287830016,cotton
136.2878012282332,51.768307797645846,20.6044063098044,23.109894692134812,68.9411108761285,6.812788196644238,103.2281804761335,cotton
121.86592880751154,44.51001372426024,24.768003285106595,23.107205933263156,68.45096856623888,5.892454285377092,96.99520603834651,cotton
136.723062087966,42.00093323876224,23.58341676799121,24.92218230461898,78.2154032328783,7.458716187912925,100.24533884207193,cotton
100.72026222401819,59.07025892685065,22.26670992070323,25.047510953861334,76.58789329717695,6.419346636512846,103.6376919783064,cotton
104.50321561647748,52.59214943651989,20.406984766449103,22.965344701954407,64.83787656517678,5.827288879810093,83.43839827322529,cotton
112.05061043040001,49.95893710744397,17.972378077086173,24.99919111506985,74.86386397463207,5.905914239152377,105.14474975959936,cotton
134.09055497564725,51.69511708066017,20.932215701073844,30.923024981396523,63.70660359057429,5.973732156819823,71.9755084954769,cotton
131.7831311480076,35.86675666816208,20.828068350834897,31.9543751619131,77.1139218767508,6.947180515895897,63.18204546433212,cotton
133.2549405754284,49.974462704430266,16.14932997059567,22.938572848233562,78.19253638873185,7.272240578463773,101.46433996583778,cotton
135.1591560112907,49.294308801208054,20.174463517550414,26.304274103209902,66.33893175582239,6.756111113889165,98.69398278650782,cotton
124.07693724060526,57.313082248871154,19.433800143791878,28.07089578718754,72.62615106183978,7.101733757073916,95.13168865427582,cotton
109.49733873499225,47.80909443864476,16.042248028083478,25.845113276448124,69.75334137242528,7.234893371000039,107.52655262931017,cotton
124.02604266193424,53.58984790441399,20.06266059495203,28.341040313763315,61.41864432267547,6.359661477852063,78.09265466025693,cotton
118.89973420026054,36.1412186375596,16.400240975533176,24.76814307791306,79.43065381802101,6.528963415626712,84.10205290560413,cotton
107.84390850953572,50.2695017768942,17.806832155159743,24.069925784384267,70.33145256891959,5.812112758152925,60.383201632461265,cotton
108.76275236407432,35.918034062520526,16.080257541306914,25.388606493387517,76.05171359159625,7.058507015412462,85.63338629782082,cotton
111.73955292832487,58.293842985820405,18.970150412371915,22.870927667957716,72.34133032235603,6.050444465648523,77.2611571400846,cotton
120.29647754871235,56.85556311712939,19.935465803401186,29.022587660316642,79.8563367799814,6.089276063775559,73.73657627597598,cotton
115.78304302390586,45.545704463470784,19.11021075265546,31.076110025565548,74.28065288933713,7.137391470999548,75.46863589313911,cotton
132.95161536885178,58.876512787124724,23.211982825502265,22.01565105191473,72.72802740366814,5.912497839172621,72.8803610166861,cotton
102.38098801391087,50.09488632373469,21.865899134926067,23.144876380659053,67.67677766089959,6.803720319702192,78.45265108804583,cotton
104.84100001940772,45.47369475468689,22.51178047808418,22.710076645332556,61.603600281638066,6.580496842039166,107.08628558094625,cotton
126.74290586891657,51.96674891681412,18.61919990837865,27.936607912085385,60.202623680554865,7.199411302100993,105.66434737881184,cotton
124.50293873379277,56.84246483665862,22.239730554660937,23.205584164036903,78.04906614571684,5.9461764575827045,86.6983736273882,cotton
105.6854849517383,35.2926652682726,19.22034260127639,24.950407076541563,69.72000987595206,7.069839750816012,62.186953615447365,cotton
104.92013180494982,48.966059911260636,18.43167353172658,29.29173487549448,73.04583297183879,7.660329598577795,94.62464133346126,cotton
117.19724309560593,51.82416555986081,17.753811742554184,25.063134987782128,75.77970319841586,6.78212293608348,99.91901702591763,cotton
132.89689494673115,56.4390584415321,24.166352358412073,26.309852205132962,66.37733636642278,7.080837242507051,78.55862117188138,cotton
124.04296667200931,52.639646566095614,21.88405018492137,25.745528870201213,63.337204033975055,6.747164544616856,67.12970720409544,cotton
135.60388140735233,43.64693651844644,16.54459747223324,22.25447759905751,72.91644772572968,7.201185098400435,77.03020832906458,cotton
102.86847555390604,45.2407223723808,18.112174950633936,28.771206397350092,72.11558498905381,6.602106202034588,70.89462771274951,cotton
139.52143864622366,46.35004052990287,21.88274235780237,23.405529675783608,69.71179399318795,5.860580783712824,85.2727558955225,cotton
138.5606962847081,44.60516782464501,15.389960125749116,22.309557909193437,67.75973519893739,6.152054860219026,61.167604816409295,cotton
130.24854455800707,46.463075222047266,17.892447719726544,31.000831830164806,62.322779204010516,7.903021423701702,75.69833586886764,cotton
135.53614689234723,50.07357191198654,23.267073597414875,31.840131632104644,65.76810875637491,7.914498067896705,79.47409474512102,cotton
115.42047618947689,43.509677606362644,20.41407607347585,23.54145043178487,71.07422970716023,6.9917505873020085,98.0950906302435,cotton
133.34599847750343,46.0110337578106,18.023332493514935,24.593348973170944,63.892476734097436,5.926824680837854,77.12239894173567,cotton
110.80990768523134,59.160434646660185,20.57708826250044,25.472770390305076,71.60935201987392,6.10623274296053,82.20218746011014,cotton
125.04937285684255,47.222445794811286,19.017788006543242,31.938483888996984,77.60629524297855,7.171493107950768,88.46886805911414,cotton
124.82641919298337,40.03280269556083,18.951377432643184,22.39459532890899,69.51092074973653,6.994654084706859,71.38748680516048,cotton
138.56115388662056,57.73636527343105,22.22143235455906,27.333866287653628,77.3993831929537,6.087435156411618,99.52548971374425,cotton
104.99283255867394,54.855266563735135,17.757675682513568,30.770905810181887,78.88084187650796,6.127351132691254,83.13378025326968,cotton
139.2394951265074,47.085185899328664,23.635475225145452,27.887315221313198,67.50659815839204,6.428723822156915,70.16115455430436,cotton
130.4719276551079,44.6635126705757,20.11275462200751,26.92325480001182,71.54558058466263,7.704269720374015,109.03696717917147,cotton
116.30336834295268,55.687973052657576,22.645277946547175,27.73528951455573,79.12094287223866,6.241043934162486,65.46321051548107,cotton
134.15847867821688,45.978745415843704,23.469688542070607,30.93090205195415,61.24915187238143,7.743622478569334,82.4159527684711,cotton
120.41729956016928,50.664812777330255,24.26382606730087,22.19116094429764,69.53686936635634,7.312988493347233,96.13534788491143,cotton
110.77597294611324,74.03305388224365,47.993955883716815,26.86972420333611,86.0887441535901,5.862387834138919,104.74934747070422,banana
118.72344057114289,70.26589855340407,54.97820855681978,29.414570390859165,86.56938598898233,5.883005215250051,91.0020694366942,banana
112.1360855568459,95.02433791002028,52.40476131953519,25.142802298406707,85.06855844513939,6.499599616739933,136.09783609690385,banana
112.98347798386759,95.37764319033197,51.13604114237458,24.708837711757432,79.75255619334422,5.600944135073086,118.52801217227017,banana
102.21319467376883,71.98029532420725,48.488205339694794,24.88798479033052,86.16470420018445,6.731994433753812,95.06215326805571,banana
118.65345621875105,85.67729798010235,47.99565677953874,24.614896602209306,80.01248536140835,6.5328702078379735,139.49605340866887,banana
91.50678034391922,72.1870550610371,49.02873282632637,26.362323952383548,74.64768646112095,5.865305848581327,146.24379203078192,banana
117.87684160895562,82.153080835827,54.06111002132497,26.571965609983057,79.52873972687583,5.793837697160799,134.83332295230906,banana
119.36943345524426,88.10479288130136,48.578140841135486,29.182539567924227,72.45841356930775,6.655256804345018,125.21587655458855,banana
103.48049226118926,87.57594365360558,51.247838627894026,24.574206449812102,83.65234442446805,5.814511184410188,139.97668427546128,banana
114.6760438315259,94.11875522657562,50.52500967407889,28.16135913848601,72.85751922678824,6.507949995524076,108.99865663127001,banana
104.9008626845384,78.5282227878255,46.33828362999693,29.03646157513389,71.08664069645808,6.47323880436406,112.23107566827817,banana
90.00404079013455,85.3338741771169,45.46851908527603,26.209356462567197,84.13952974911433,5.581496508108426,148.75369446492016,banana
90.1145976797575,77.40471607605707,52.40904056152071,26.530161197834452,72.03784776132026,5.9683040944405565,108.92753004691679,banana
115.28135706481665,79.40043752755429,52.889324717760076,31.134977158485878,78.6763483915306,6.68292608701071,116.4122637774235,banana
118.92235249470325,72.67868573576719,51.87019266503243,27.95051232365543,77.75297610911294,6.322525442373181,139.26999641440318,banana
90.13089808950927,75.00859266241596,52.130460506343184,29.33108330862565,89.32095010257355,6.489349127326018,156.55408954119366,banana
111.07621504604421,78.94156625918329,46.05364922250857,30.254590906759486,82.88298442951832,5.562641816111285,115.20353261306849,banana
118.70399446452859,85.01203437130604,49.327291360197044,27.661596841274353,74.17765448010327,5.979319322124233,115.88692791910236,banana
91.57065060562417,93.02702885553755,49.16504431903879,30.577439094531385,87.0069600223979,5.7755922711082555,136.014743751909,banana
104.16845412488945,96.40470213764455,47.157406791764544,29.422505602480353,82.15504244505445,5.883891920843382,99.56206325558207,banana
109.5491928143183,92.15792374396992,48.1562734376335,29.158660832178512,77.90261815223006,6.427168948267403,103.94506924258371,banana
116.70645007908523,78.6222878939674,48.67785987756153,24.4647356166428,72.23024424642553,6.170620473526027,108.731487370958,banana
115.06440677226583,70.44080165964861,48.790940486719364,26.69876437415274,70.38655261835203,5.661678918700663,118.95498724430448,banana
104.7859375334234,82.12869241764608,50.309376784120936,28.76105339924545,70.19847642255671,6.1033237072895545,157.4449468621312,banana
105.57096840388647,90.32626802376859,48.11863857916883,30.1919310252221,85.4584296375223,6.177684861950381,158.32096762954495,banana
93.7665064428796,70.50842994668743,52.70158211757096,30.45724429891906,72.40414458241152,5.845257682846188,91.22866543566403,banana
98.79925832341694,93.19425621756014,50.17960527712579,26.784764745346305,77.4347858981266,5.501759713430109,110.98603692956651,banana
109.39376224913792,99.22583331449071,53.47060826983899,24.18875971716423,87.97121209349679,6.518157937288214,144.62632864996863,banana
103.73987277010714,81.94015878863509,48.02915728833192,24.525558871634928,74.56470726987398,5.820584725471432,123.88539487971411,banana
112.42333219790082,84.2142948519384,45.578444494471604,31.66231840790563,88.85448638188225,6.520746406092931,159.39295310949544,banana
106.33446998400788,98.88305050759618,45.75605040616751,26.92544598609097,74.50762536013532,5.754583009374551,99.85620642248733,banana
108.6724092469799,93.43965567241915,50.782983994203605,25.17570167670568,86.22247539866942,6.326741119312847,117.17159942888969,banana
110.22390886608189,77.79714937728498,48.451922084942105,31.33988674505592,75.8100901134284,6.1109847486053175,152.30987961772104,banana
111.23164050802582,71.86609678494108,46.47303044278971,24.062732726175334,82.61843580458327,6.081975453033544,99.39923956315928,banana
118.73802363170311,85.8897917183686,47.418932941128894,28.00482856923766,83.59240665470216,5.599110983365634,109.22926705335243,banana
114.20896472651981,83.78994611207983,50.46577142032295,27.462528017675755,70.8779988528601,5.715474713766203,121.18791471193236,banana
96.27556396223784,71.49937085979036,53.436496640518236,31.849540233312926,85.86285747993479,6.609920398216067,106.93839912219318,banana
118.818809265396,75.90777113360285,54.51429810361832,31.958554351727607,84.23445611492097,6.775486851329369,129.86778456969725,banana
97.78625349528271,83.10987656996863,50.93560935378786,24.58465249621612,82.44686529234492,6.775531187790983,103.30753548486094,banana
113.7778534886515,97.23696381338858,54.43701592820221,31.681084835243578,80.42919277442944,6.770500280388955,143.01171449941072,banana
94.85014308710886,84.3070031940391,52.18331175372004,25.978722526552666,82.81230367097774,6.366580622760605,101.38898206659961,banana
106.95255937358269,93.14880732935823,49.98895664535942,24.09682493420886,70.18076938158585,5.964138147161016,154.83358479022473,banana
96.86030338810826,89.03091066615062,47.2207587069332,26.573359917276388,86.96084179202968,6.447519874950931,96.67794941192474,banana
102.86106062959301,70.87509290935793,49.80890146603009,29.299472093608543,72.37005247196304,5.875550420581916,117.84856378515099,banana
117.58593073968149,99.79765046268892,45.449112989956156,30.088063387963135,77.43448132804687,6.010195642098324,142.7985481342916,banana
117.55279296436225,98.52785783507645,50.77122586038321,26.856969274404022,85.75098171717559,5.826301798240991,129.48518201834625,banana
100.7573538457462,89.69893221123628,47.403989128935066,25.532743565878604,88.36478173350875,5.632344787834398,125.41705354144521,banana
96.62558348889027,71.16789889977002,45.360188182914264,25.40177417684662,87.33540709012,5.867222367170134,156.53214194027072,banana
107.4486687896758,83.09842569306298,50.80088834669455,28.13358708181014,85.17552507514651,5.867244885764708,114.71352741202116,banana
116.82282907599752,98.39369539451216,53.925582274864745,27.35558395165851,85.60731006013764,6.119236453291428,124.82778965022715,banana
96.14040327171853,87.73390909775549,46.86135897753348,26.65251759253755,87.1006040323987,5.769198551974112,94.9810799621403,banana
92.07022777838449,98.22353561509324,50.06920437961835,27.275296574536146,86.21757162015837,6.586573706283671,113.25337231809232,banana
110.80854172421385,93.1336844755566,51.54650686865955,25.212760598400795,87.51766167034114,6.200822918556812,109.77306984590027,banana
102.75684556313081,71.12713271196722,46.27866801222417,30.124374004126885,70.00023269510733,6.04153557702698,126.57571267599118,banana
91.63903260002917,99.19234488916999,47.26125331249672,26.433589757090246,76.07885024510054,5.7995416607525545,90.1031675460418,banana
111.88034382263989,99.00536499397856,47.24293483285045,29.30437753442738,84.8379265391743,6.602952992817682,119.58404379095263,banana
99.08792716921288,79.75885402069093,52.12621333098513,30.53423573204509,73.63227935513206,5.982223310605095,153.13581377244049,banana
114.20080559084218,99.54575208287427,52.542482596820804,27.145561608223378,81.81275667989276,6.3593185305215165,95.49190714219867,banana
106.33490877311596,91.27962485417828,46.6732130400106,30.245053739404458,81.67545561028223,6.7378883214068725,92.96956087448243,banana
97.959784126664,88.04661637899471,47.96559912205931,29.715393312569937,85.18010565043862,5.633270753286417,125.96981249447374,banana
105.26671666773167,81.07842310646623,54.32924862569672,30.62005055898577,83.94418763819273,6.4286246264554965,122.32013006691834,banana
117.62983563289728,90.83786281759856,52.289810616558164,30.893527230298762,75.48143178684381,6.549192175026714,103.66684220695444,banana
100.36025856734663,80.06831362809528,54.78525468389141,30.852297789983414,84.02339723180519,6.445173790100007,129.34509560817997,banana
118.41272001325558,84.88776258647084,48.80517709869895,25.304282695452727,85.72411304522116,6.454777111698268,116.90485269668945,banana
90.75580241877688,95.16991983154033,45.114179834540735,29.629598237032408,89.40514219452115,6.068959726592665,106.44813834971669,banana
111.14613030130145,94.51384426046755,50.46430316077847,31.736282202049168,71.03337443315922,6.156234277795886,140.29177631257852,banana
115.87921413447538,75.3776683572337,53.000034817636816,28.42165660574836,77.93107363979927,5.671229537152821,150.57070312362387,banana
94.71819624539145,79.29363577627298,47.90045531962437,30.971312273526834,83.45405988417797,6.535685816348784,107.53275291547493,banana
108.74622298820996,87.15237949431246,53.32830376788271,31.248696483850082,70.24313542954773,6.3762258947764305,93.62850593838102,banana
106.46575995232068,78.62898187131034,48.067765995221414,26.82366802761885,82.4258489809922,5.9342649553694,141.28893354131964,banana
102.13582156721608,72.05059600929876,52.837598424841076,26.286066596741648,78.65533759198526,6.391077048188472,113.27193100040984,banana
91.69756968440147,81.21763141038441,54.44448582694304,29.133875178388465,83.42958297334414,6.321966799728932,103.92944972716057,banana
102.5500159230684,92.52819395089955,46.01372897553159,26.222822208717698,75.52638216931707,6.061624605872858,158.62581186595295,banana
92.02507640051466,85.56102983141786,46.793646820122106,31.765412363277953,72.26607009454928,6.024681303070069,141.65194893842244,banana
111.13663284082335,82.68185910681797,48.46524167952718,27.180899028422964,75.28552526317279,5.766932820318839,123.8127788291223,banana
98.05601268202822,78.6238499469175,51.56756063474557,31.748298653599136,82.0727440111875,5.600073307184456,95.2908529697847,banana
118.54269662536697,78.91872370922,45.92066986082475,28.792356697203054,82.47297556580533,6.343056266154295,108.7181419500279,banana
90.45332052643425,98.95046108363415,47.508930456911024,29.40821030442038,84.13259739757419,6.293009642203331,111.90351759495537,banana
98.13288761292198,87.93004848108109,53.66095633611691,31.573869831387164,72.11811608807515,5.701277196377036,156.13153811481556,banana
112.09605685004378,96.4898147448932,47.02632634135343,28.700686968875214,84.02279188834947,6.384145451081064,118.57061836066887,banana
90.46184675073926,87.4877817041279,47.53101539179609,27.602033969143122,89.15162030167635,6.018745912935165,148.78611246650988,banana
95.65621817247754,90.17381494075087,54.770069544389436,24.815144806983493,70.16639884454383,6.063657630422399,96.4837838135957,banana
112.45153049028694,97.43645991545677,49.34020972708759,26.069693137243526,78.6880663801322,6.440482163205001,90.63379131062597,banana
107.68361968454091,88.39875054662137,51.37688246895935,25.93617663984702,84.28105446756254,5.6188089322313095,103.94892355267606,banana
116.32410139963446,92.16169452179699,45.13745554011345,25.987010082958403,74.28812965986329,5.852048226448065,107.32918391959205,banana
91.87578887228537,83.7682154979046,52.32733474786165,28.85385379773949,83.4574333719616,5.605493932097111,156.6043497123751,banana
115.15475501529075,94.15270955486989,53.229838050417676,31.46168406506209,80.88507932227395,5.760366623227914,133.1748525496779,banana
112.28644481003818,92.13752180062076,50.2144902416688,24.547669754668625,77.42225876860256,6.696996591002364,130.91142368301982,banana
106.1499582976714,78.0656054314658,48.68448919916579,31.162768713225354,83.3292609505367,6.523603134778033,121.80417961473586,banana
30.75618048640395,21.20959021858019,32.054608302834865,29.276013337033373,48.85091029629491,6.798644649153763,106.81403107344633,mango
16.600158665215524,35.61858093367519,27.92383110412193,29.439194545063778,40.43826657550018,6.102092155668626,85.13156213150653,mango
16.404401933685975,27.27739323457913,34.27110628858427,26.053932181078054,55.28881456151009,6.319342106751986,92.7586857262169,mango
21.505914949630736,18.987306563533956,26.604626142712263,25.704919456431448,43.71293409802486,6.828438769977937,104.08453059217541,mango
35.353142139779045,32.12835774686211,26.104318634111028,27.8918744629595,46.19613750644938,5.9999138927952425,85.75028298548615,mango
28.388845371991813,23.922149379277755,28.53789158736436,33.28555597906082,55.78585696639371,6.115591663361491,105.68942219366296,mango
38.82037542506265,23.16856355075102,28.54424948793055,30.056341534219587,58.82241625067347,7.252638866284623,65.12839812917949,mango
24.818268581785404,28.834279743744297,30.0313247255154,26.938630679368927,57.17633542336309,6.8538815659936745,101.89541874259018,mango
36.46910698373681,33.708896341643495,29.392106012497173,31.105467550154245,43.20730812239486,6.847290834949815,68.96266278696403,mango
32.34873976275392,20.739954018849218,26.1755130015022,26.652844901429575,40.03984270438141,6.937479235707061,96.62005245291896,mango
27.873333747831488,19.03407002638459,25.835543375106898,25.19128966437287,43.314963539304415,7.281711069966294,72.07684208508408,mango
23.85678318043039,17.63363711203333,27.223613047481702,30.19224570780205,52.15505366191305,5.990704628332422,62.88660796125586,mango
24.775821728184965,20.855084273158354,27.195539232298017,34.59862802713455,52.326009718514484,6.613756886344191,80.78875517616609,mango
25.723608335753607,28.522625095952023,31.964298070361075,32.02146096181829,43.43387815410899,6.500225504153254,80.5979047517051,mango
36.76317415673461,30.78547303045941,30.32504066415982,26.153946421789172,52.11275778646823,5.734407811360467,76.8603287782876,mango
18.571049120358296,32.301841175609226,27.062521138361525,28.91859373188026,57.91349555237557,5.908632766797941,85.39025319793896,mango
25.48179152915055,15.453101026143244,32.927581135728126,25.690459063145997,49.48510041953907,6.6213565898779,91.42132283072935,mango
32.21579073269689,21.331809588067877,25.099787766584495,32.23443662354912,50.71313198695157,7.172235406414497,101.06941814503472,mango
36.08315419469708,27.127366499488502,28.336283958368657,32.9155820259137,49.0258822605851,5.866884392806869,102.74870097807371,mango
37.06399691930868,26.657743903504254,25.756997273097873,28.878260899169312,56.070753189252066,7.303548057092457,70.17363712487979,mango
16.674340300631787,36.93376132832097,28.894049389788755,30.417609642675632,59.361316241015174,5.6331294558284455,92.41590037260478,mango
16.852635564371678,24.38672321166251,33.03814545193447,29.334722327556342,59.94364707805901,6.618118569893205,76.05810763179767,mango
20.50278314761883,23.763013357154044,28.725332737595508,25.68713677723961,47.39148398853546,6.42847703947845,96.13688761194024,mango
31.4182371180402,32.71914138072886,25.08363681876857,27.17667399580536,53.23368576799713,6.467978736359495,60.2656737834173,mango
35.11236606079556,34.32023933225844,30.484191629935626,25.66463325776272,55.33030099065169,6.667427175462728,99.09799885789795,mango
33.79367480989601,35.07505179894593,30.180080664046248,26.40324518193515,53.423149467593774,6.740947570103941,97.11265935995436,mango
19.24702515126838,19.87437999750723,33.90409517219329,32.499777984520705,58.16456977400646,7.017430642327842,89.8577652995151,mango
31.35331842569684,37.22819809850024,30.788067545119404,31.323913243283876,43.12953432007201,6.447842440232206,95.81985559790495,mango
21.773567457909135,20.056354513113373,28.138268082244156,27.415006279928335,44.29825274072792,6.349701685736174,105.3919256941767,mango
27.676491168467955,19.698009520383074,25.76971669380874,31.961561451379254,47.65597528872776,7.1436618931707185,92.97553843203852,mango
34.90603626353421,21.79865098546122,31.92358922461058,27.640619846937188,58.781369589005834,6.772748563066749,76.2255900087671,mango
21.737796557306815,19.773164626791086,31.94640958893728,27.18715612997927,51.90606531854978,6.0292700538507145,93.09844723969343,mango
35.373493213513484,34.450631078616325,32.60851330930782,26.877224056922522,41.767698939690376,6.897897656974771,78.41736068971757,mango
25.80865566008368,15.778727319834777,27.59576449275049,25.33676403874464,57.583715452024954,5.986793366437061,87.8668584786504,mango
15.97448301652826,31.67118478264145,28.23027345754094,33.97919186957666,57.762363778680715,6.150581236723496,105.0480447845234,mango
39.903941837469475,35.6353916030987,33.44871347755229,27.4900873610909,51.534047977155126,5.634511827934736,64.74589684108349,mango
39.972315300832264,23.165981235647774,32.481839120488466,33.06665053026816,57.16046542014458,7.495256594804313,72.07482426284339,mango
16.008770671492492,25.279787949864648,26.30080669828947,25.22425889162055,47.20853654282972,7.067476502150473,88.30903456125354,mango
22.819449730258853,31.35855013731799,27.320181803088108,25.14381446072085,55.287067728728545,6.747486169728019,98.115131225048,mango
15.973450417191641,35.927990695766304,31.195262000363034,30.6339535071264,52.492280962290636,7.228866493736728,89.34682532794535,mango
29.523759497204484,39.76697892664414,32.56730167068568,29.422938054511352,54.14794000065855,6.2784609433835765,71.44377312417495,mango
29.921296922193985,38.20455245284879,34.291395200154625,28.4190527810549,50.5535493244339,5.923271797139723,109.78155547494417,mango
39.52794769669839,31.237723242686183,33.04414059677473,32.151001612837,51.863164380789364,5.606695993977795,82.73821712763305,mango
31.869657554185263,31.938290347092117,28.731226184223836,34.41691986658031,43.34714064473562,6.500718892431121,94.54419882754114,mango
32.428395147295234,31.21597391922039,27.7528821345186,26.56206568686622,52.71880653653422,6.698604232278876,68.96780051446206,mango
32.62847863926409,26.37929979334141,31.67760591603153,33.37367079770151,43.394568571538464,5.538289735993674,98.95512931978934,mango
30.2424356288154,32.49098924055304,33.381549749886425,33.028109348245,59.21840293857649,6.571870157704236,84.42478163299526,mango
25.047179997268252,18.842276071105115,30.726072328820223,27.770125243259788,58.42615024425951,6.666381608554195,89.64200902540551,mango
23.87311652192525,16.299733799442688,25.317437653729886,29.233351441531976,41.691307561944754,6.713693911080278,104.04865028198287,mango
37.07287041296806,31.47613525330581,27.11231831472931,33.62996831358872,57.72186870626416,5.893307169905917,96.87130428853386,mango
22.162988723178074,35.066007808823244,34.972378999036025,25.30026005329393,57.94731731581864,6.745261067197316,108.66913095824106,mango
26.62523793816069,36.18469826428434,25.623940685982774,28.35279050078296,41.3403307550242,7.450686266958141,100.84869536359184,mango
36.31368553114926,38.44913078584736,25.851034861197853,28.855975925133333,41.42069778088004,5.921586203100057,71.46828885188361,mango
26.727680276189467,21.714054186341066,26.00978106817761,26.674910890941078,42.945511271041816,7.446153595824597,97.96462534592368,mango
39.19403663173905,25.993512162697712,27.783684816626565,32.98293197209187,46.52507836082294,6.098766747410696,71.62529961039156,mango
18.241974455605884,21.41157652541915,28.553197484738877,31.739942081457304,41.25129684438903,5.921013879330686,100.45118201458382,mango
18.673048089594268,23.56612866306304,33.6465892185814,26.549253111434428,41.6547367123638,6.469075990160022,75.12097556392682,mango
29.08520911209635,35.095122262086875,26.371484881527433,30.80699084554285,50.110175207797276,5.7881575720264,91.19992427644912,mango
21.84101044651929,27.19585796360031,25.822723242770618,29.595840572136233,46.129269360856405,7.144762422370709,62.84893634986842,mango
25.465181872958247,26.46078560328595,32.25006076299119,30.742875750902108,53.34424674388362,7.054098571303513,103.11014868290944,mango
22.846887418061762,28.450567634097574,33.401080784392,34.89451130965057,57.79038622087526,6.242934525248754,69.75832586093252,mango
27.234813435164718,33.54103629590105,29.925690707532976,29.831808633136685,56.76460842163601,6.222807558134373,102.98973374058228,mango
25.17012002379309,23.205827641958486,29.539899111996988,32.62446958674869,42.520040557279884,5.8928384317440345,107.5722412831546,mango
19.387290684533934,29.193182948276366,30.793144666619376,29.896244620502447,52.89490497153637,5.959653451595237,87.63311338883742,mango
24.304331381172428,31.541681490729726,26.412235433731496,30.70877416839476,43.705407107666474,6.057286126230073,70.93549001617916,mango
19.57094449672043,35.64277378901667,27.857075676608904,34.271237818644494,59.39853050690382,6.642520939874195,67.15005613328631,mango
24.363706084489532,34.94330658370535,28.673907286970703,25.870172183027886,51.13569821856376,7.190241702992069,99.79631935717512,mango
19.37807850325883,31.819115360311667,27.20504263435647,27.182075345521724,57.481435466103704,5.99933790548046,73.16236732590056,mango
15.01633476903249,36.76672585313794,32.92594813209135,31.27328935090678,55.00531527877685,5.804097134848984,82.91617972937877,mango
23.78048468371952,17.34441315642541,29.86130485214924,34.20739650342635,40.80118238101389,6.0829218269875875,70.37704681028518,mango
20.953666341642407,37.710863796984384,29.6806905423429,29.662994129398186,55.211512849105645,5.808984408009851,84.36326770500254,mango
25.749630353026493,29.9227672636664,34.995577032504386,32.69448894082047,47.957314060348544,7.155106104548094,68.53541816562401,mango
15.761592157724003,20.111209311606828,28.404115561142596,30.105807574595598,52.30258281082399,7.321211434428843,85.49270047752289,mango
27.531891115643234,16.256075245574554,25.349115526562237,30.51159961916372,48.76357226496689,7.178360789960597,68.03397923559226,mango
15.62429155292624,26.225969198253146,27.374785567522576,25.496143733388376,54.49196573695258,5.723185999914495,90.41597500038858,mango
22.026243754172228,19.337401258875552,28.797515229193174,33.01445776222954,47.84187153809145,7.001539298422111,66.27431483995754,mango
34.31928549162698,20.923333122666214,31.773931298888726,30.657815548409964,58.58289434423375,6.274645035950628,63.30825944172202,mango
15.478887138781323,35.67146402431882,30.24735637661432,32.752440518349495,44.68851200023029,6.190167491026467,61.50519361056595,mango
39.037308114352804,31.696697667520336,34.33205087759306,27.654964074290724,52.22927222451322,6.856999936585275,75.87748501287942,mango
36.202730875390756,38.67903657250619,33.848551176960044,32.390669759393724,45.54929359449908,6.063232084211263,108.1680160223019,mango
15.257112398392302,32.90124933105361,32.06246162555262,31.226895409497974,59.80217692173731,6.123758871527451,76.99859318966242,mango
16.973485073663888,26.06995341359344,27.61048526234848,28.433867021776443,56.691435805112555,7.370969027054992,69.28665360025929,mango
24.312723288836647,38.21576405288485,25.618084606892225,25.923605281113787,43.25581978412459,6.6904256682537495,67.52361355029987,mango
39.20190953626834,26.16786318146301,30.015179603501664,27.466586158054064,49.41920504869467,6.823827265274023,97.55885684770215,mango
33.84670206774783,29.44727781735221,34.04359774993857,33.174078473061094,55.14096229397251,5.611211043360921,60.343898110982465,mango
20.311181929886825,31.588089847836308,29.111974888825458,29.02406259299312,57.691737764592276,7.291125696263677,105.45876320267928,mango
22.84695191287568,32.27639531848155,27.716331812743697,26.9060983307445,43.69264914694738,6.184215241727188,81.49788098899108,mango
35.77372927637671,17.997277336817803,32.34925847394894,30.314549141893053,45.758906853519846,6.485639169065649,74.99710348885114,mango
29.90204888095765,25.846098071381107,26.64405529078879,26.165830745556967,50.9339136414426,7.304826066572207,77.19788432788428,mango
33.325002680565575,31.466533873494175,34.31554914309481,33.20981017299141,51.33210517810926,6.814060996468214,104.91932332920175,mango
31.985563537608044,63.16986764644443,70.21622167270392,23.265510741914643,27.014710506050474,6.2089090362003025,83.07429524530801,chickpea
33.91945094500662,57.967727387727784,89.61136454121447,17.146958874633555,16.008512701358416,7.189694759003819,89.55466708532131,chickpea
20.973303381415608,71.46794096817555,80.64583751902909,16.032650088750483,17.58785815419543,7.135948594632161,71.85430454053153,chickpea
48.14947185953948,75.46850573710127,89.67134413027327,17.59670838950414,29.545854491969656,6.862467739583115,73.90075181255018,chickpea
21.5104858090806,56.31913144649007,83.84022511893309,19.579289944340278,18.397824390541587,7.227940612650466,70.11432473000445,chickpea
37.32895263033268,63.980218674567254,86.47104453223638,23.206961607667793,22.16025597183602,6.701638218670031,74.50239186236378,chickpea
44.171435770046536,63.2044870699403,74.18118747413692,15.846883418753068,22.000396813266125,6.964264197839684,93.63634841611628,chickpea
26.637160893381918,64.52478184171,86.16811477787383,23.236236107489734,20.769166139681523,6.918248046573362,72.13143563397132,chickpea
47.976646352579365,57.96609414353951,88.6749884600294,21.838664518353433,22.973582290300968,6.065318121568992,79.02384767288034,chickpea
32.23244315008197,59.03047029937807,83.12819207001314,24.71150907368286,23.432832165967877,7.429506552887892,62.73801810264067,chickpea
32.530009874509844,57.908962129112396,82.2559167107302,24.384821582141548,24.92666598707458,6.1536060966288435,74.18664819940331,chickpea
36.519901383225545,65.0801939033313,86.67288020950345,23.146710047099894,24.177465301548324,6.74691589026541,70.21345495052977,chickpea
23.17622954639388,63.87244208716385,78.26345034415439,21.758229251040735,24.872397364463602,6.140216279282514,75.81037261724632,chickpea
25.453366016520857,58.920317632920145,86.54604299474492,15.419152167162576,21.28774313853182,6.336407311533036,95.17320862713896,chickpea
36.711215398251056,60.7845159094212,80.04854574332752,22.314863597031156,29.371770133791507,6.440892008490838,95.44727088517381,chickpea
48.02912342502471,77.91051361330166,82.7082871372382,21.298206544347078,21.04815949775734,7.504795764607576,81.25176073403728,chickpea
40.32314213684883,65.71144759621988,84.62992928086278,23.24471517604549,17.196543849042243,7.665859431148456,81.6118612716123,chickpea
45.33997727270673,65.78254265852536,77.5808097076607,24.150607325172224,18.76753901322602,7.688424650572286,79.36082290037616,chickpea
35.42286327653779,62.7117070372371,81.4608440123803,18.252111962762115,15.589041213624785,6.543997210688712,60.25516173626363,chickpea
49.3506436117057,79.14368024549368,77.9031059494461,22.28370854339646,20.187091476156375,7.342186314171952,92.21720172183916,chickpea
48.40268734076722,65.0053068962418,85.66595965912096,17.65928450632119,29.854984556904725,6.051539197528703,84.14115226004483,chickpea
39.78517944953981,72.20113892685322,72.40775157578177,24.385297834731304,17.71774918575124,7.245506806479682,68.9070431649234,chickpea
29.216492510638126,68.66146354320311,78.34386837129153,16.602256009765064,17.564046036312725,6.8362895763255995,90.29131913102003,chickpea
46.93893940543366,57.103191556484575,77.86207815118802,16.002455637228767,15.248887209488968,7.323437365287913,84.09797767866351,chickpea
24.890573414446585,60.8453208273266,70.47415507289037,23.349472056944037,29.620358940728273,6.270919073589382,69.25900855061192,chickpea
46.05228571840802,78.16159494890462,78.3925476561362,15.50622472269074,15.59087750539229,7.147899732138021,75.71580435572716,chickpea
20.859572827329636,69.58130980781392,70.22605073178045,22.87371958149273,19.596492340550576,6.080516006018464,83.53408883932613,chickpea
31.93053243299164,79.34501033392874,80.88397325007405,17.75239181037008,25.64158296950962,6.542984005085422,96.1697316563026,chickpea
31.241659115221292,68.74671406940513,71.01146207648458,19.261212379522306,27.485453094914924,7.611297610726684,68.97274235414105,chickpea
26.78237213031688,75.43263280533091,88.60796840338651,15.953609212730036,21.750879591393378,6.6749085579284575,94.82753821829758,chickpea
22.50574744040056,60.278148563950936,85.04936675172989,15.512938489812155,22.38803071071434,6.88421406935944,73.37604715954994,chickpea
31.83716945956771,68.24851467325583,73.22734716776766,20.719958782835928,27.081484939499795,7.520321859580318,66.15599618775094,chickpea
24.477484092244218,61.704359193622835,77.22149452682075,19.084555814084826,25.19545825250018,6.113360864331671,61.386908169042655,chickpea
31.75731688831727,72.42909230344951,73.86870685912965,21.415044812562517,18.897422069104493,7.772172217627032,95.82759777066465,chickpea
28.918616128439794,60.74984384908101,78.22607944132463,17.405315851801486,25.085757649375555,7.652129369096571,86.92368523644868,chickpea
44.73051341748048,64.92480405518685,73.12633941417722,22.379509473975922,20.40711757712331,7.342541650458265,70.82575767927062,chickpea
22.43688904420018,79.81454488719409,73.12403015861199,24.88420993963481,29.659198988496712,7.587636207816079,86.3769184832799,chickpea
37.334211507532544,76.65253863444588,75.78879043238976,19.67681212484877,24.29084954049753,6.822380951738982,77.09945816361072,chickpea
29.908540025062532,69.1057954171134,87.01149056030232,17.01528378006313,29.01649558130162,7.378175307496459,92.9309285072012,chickpea
36.68572077890035,74.48791753560158,70.32400794678935,23.18380424779535,15.602082886280497,7.779826752725725,99.67850988954572,chickpea
28.822023865303336,60.25796390714484,85.30726727716082,17.530263409202533,27.98343574758305,6.205685184314953,65.03820785517433,chickpea
49.37454665301847,71.84597245675012,86.93774448857906,18.24329377351518,25.147256242809064,7.188483654617194,84.12600480491788,chickpea
40.47597378613165,69.38397932822747,78.58124738605332,17.75922694380547,26.52871996369803,6.452544860006372,87.69417224617656,chickpea
26.999984679479798,70.63325424886135,84.94156534258057,17.18713888906539,15.899149512919625,6.261947485988348,84.23987869084101,chickpea
45.483392186772065,56.12492053088561,84.68302518083293,18.413186459500523,22.17792554879284,7.857719099691131,73.27886018943381,chickpea
33.960108018184584,55.34206036901703,71.63197440009677,17.58591591134784,15.417783612316116,7.262750652096502,77.0559342720649,chickpea
36.44435608184066,59.36617964740824,75.91864058873232,21.63824474852725,29.479540854455998,6.100833547204418,95.61537283421065,chickpea
37.306436039336255,69.09798916889059,80.0055707041552,15.693940859041835,16.34815277604241,7.201824011318172,73.63834285742233,chickpea
47.51804199733042,65.1647634339868,72.86562917405283,22.14718833502036,19.400301321615146,7.050940614711786,87.91331142020681,chickpea
47.00792333606211,74.8047798700419,83.52722135745448,21.796331823951434,29.1888696604813,6.591648194993072,60.044483767847495,chickpea
28.158636781945958,60.4472844906686,83.23669170227996,21.33711599765529,23.90192074057086,6.032486886418908,89.1511221780259,chickpea
29.705912374564747,71.62639972516578,81.13156857004307,18.427309254279074,17.018644006561615,6.188837795320962,93.26073332448894,chickpea
47.55192626244674,71.24470116910749,72.06868229720966,19.020272168882407,25.934088001577358,7.559641768020136,64.72874489164354,chickpea
20.000921565361473,72.80342614701513,77.13192351972411,17.5448133161826,15.193462046842882,7.080598813522999,94.04602941703928,chickpea
48.72894938817764,69.14362376533224,80.28922655479788,15.85056385489241,23.233092023138994,6.7599581579307895,84.28541123534308,chickpea
31.6617904362964,61.00747808625917,71.89930550456754,18.149184445888956,16.449672514316283,6.353793901647968,99.49344634318183,chickpea
33.32310670719856,68.29679416262542,87.4723705747443,24.95568900490688,23.74071674017022,7.624947642088343,73.07764097346701,chickpea
29.172318723418734,65.06759302486401,83.45014525347298,21.821916892550988,19.728591519741762,6.266419848273257,85.29585025862033,chickpea
23.849775865662934,69.46231270573325,83.86844256112619,22.006114963944515,26.30208165989395,7.745718843131329,79.99835967859154,chickpea
41.907475685887135,70.47931838414591,73.73279879595366,15.256896448694082,19.268120785154007,6.886067412675239,84.68423777714625,chickpea
45.498779915096165,59.906142917654144,72.51099579796954,24.634799474743275,16.620668390646106,6.956982140214379,83.42254915173207,chickpea
36.24123262722315,57.15080392582358,71.14053828007239,16.054834274610357,23.783815258089188,7.088689775268643,69.34963168146977,chickpea
39.13322425536775,75.50168755139123,70.83157919693187,19.981299435480423,25.339656181540356,6.504623854139374,72.31083621172596,chickpea
38.409137089681515,77.44838233609343,86.19848840605799,20.831302190995835,25.953325766358738,6.729644940415597,85.63862112395032,chickpea
33.98544773382671,59.74840341143902,84.03476547754514,20.56464637348822,20.37932372930387,7.822678380157262,60.837364713069334,chickpea
29.47319453748488,56.422034944441165,85.33054632443255,22.021074541137928,19.970283281044757,7.351325804414146,75.83748904783799,chickpea
42.68761374267303,66.35459156841765,78.2455945566333,24.34729915488301,18.763186498360504,6.240894679993131,83.38172453037834,chickpea
49.07965436852537,64.44598034317967,71.24073527257563,18.393052673095674,22.588974814793374,6.323846013264427,86.32408872225969,chickpea
49.93248167030602,66.29348689953609,77.09457113460425,19.007041668344666,16.727192675928016,7.766547202852448,76.59302622085409,chickpea
31.618232342745237,71.49225682326185,78.84066841862247,21.48233468807846,15.921694351961813,7.627446687444455,97.62015811517611,chickpea
39.46296158478158,78.86414822147027,73.02864628739927,19.774161894803537,24.02710100918171,7.163473294842373,76.05847116356173,chickpea
30.142532280987844,58.17060056376047,77.83484901124557,16.626608151054853,26.015485147383274,6.41766187098918,62.34261221138135,chickpea
36.57098413451703,69.88074331798504,87.4382612256101,20.76981612417682,20.182212805851684,7.606023763052641,81.61115572749685,chickpea
22.37840853893575,69.14626400783116,88.16037090843325,18.963126254982207,19.444887028497,6.28693891403604,66.05782087741429,chickpea
32.98314453025456,69.89199560403824,71.61230810339204,24.395685890251656,26.32700426167794,7.173247836567326,93.13754683755963,chickpea
22.4056027043634,66.92097194332811,82.60186253723327,23.286529061182893,26.752043400739016,6.5541384994267995,97.63520678236817,chickpea
23.73037524292611,76.87834046552881,89.41880499209238,16.771535232226256,25.830990963056777,6.0805710375559965,76.2169130055662,chickpea
35.48849897593022,69.51613064774085,88.7187449649712,21.72250687294195,22.219169268288553,7.619350072531779,98.02131283817636,chickpea
20.661984460468727,79.56303180640097,71.7226427812736,23.143867792687615,19.205021288271187,6.264359315507743,77.5942255885534,chickpea
39.31869738342841,64.52379612558687,71.09130816565398,20.994611396587167,28.536049141660122,6.766430731894504,68.65331110523309,chickpea
33.27732037798446,56.20906777621952,86.4097516896055,23.263408109501867,23.820006951444427,6.706205777876779,91.99133457783134,chickpea
36.64061074365102,75.6483077137504,82.62917585166042,22.844054732127972,23.9784448982664,6.828282136431333,98.3178343970455,chickpea
36.23341474636534,70.12723796351347,74.40975278829498,21.256507894272765,23.574114742244156,6.3696767958940494,62.383483894125746,chickpea
38.13077959144313,74.09230673375802,80.46802741844016,17.267726253196457,24.997829650395524,6.160211453219205,77.67334819207818,chickpea
24.901002751952603,59.611476276497086,74.04587898316407,18.86707057043978,15.767253084305965,6.795586881858196,80.46829788458803,chickpea
34.498828548989756,64.56960251007601,86.78293216141505,16.453266924205042,22.58545115672061,6.124082833913109,62.84622715511639,chickpea
37.215975490312886,69.15046062219552,87.56067025688914,20.578736756600733,29.396865306072755,6.097389696799859,63.92030739122964,chickpea
21.321975847111442,59.6319212583385,80.82540221883356,21.45572181427428,15.683777369230032,7.891941779691199,93.68661506601524,chickpea
28.898374464712795,56.9296882556617,73.39774146438114,16.269444137549726,16.849256689484204,7.037123377331468,69.83389769973601,chickpea
30.744191495874333,79.73763333460806,83.68628497850689,24.489806670470013,17.138348325496736,6.7642789496651385,82.18927213129417,chickpea
86.91895154721846,10.062811654419368,51.70434333796918,29.134556134411483,66.16183214999418,6.289644076032032,45.38607501480224,watermelon
85.60012612112222,15.030574093261936,46.7708225539729,24.78739351281095,74.35080650834024,6.399359725042165,53.21640710591507,watermelon
92.88409358165293,15.897206942410229,47.36923993896723,24.775725367723396,62.68547456162376,6.597514045296486,51.93864512959439,watermelon
98.67322189963693,17.12634809300152,54.22434283656125,24.581879582229348,64.20901219856874,6.149937853570714,54.560645305319696,watermelon
109.81286550404928,13.610057721357297,53.7430733413708,30.64498208345433,63.3698609646265,6.199332580199222,45.24182173231298,watermelon
109.45551671316396,12.713378520683474,52.99157971104782,26.67354171338488,70.9630551866424,6.220011004295663,49.4589940779135,watermelon
105.81529433315328,22.06248347475826,53.664231835397004,24.476938602757272,70.38075829559617,5.939987376721763,45.395464200460275,watermelon
98.71471037636721,16.041092271202462,50.19611675803007,31.97221047038895,62.02825970569282,6.475456045336426,44.90002415964038,watermelon
88.32524497268322,12.381051450614642,54.49273106245617,31.036811973694096,73.60562940622533,6.7915327758273865,40.20788475021295,watermelon
93.88598343410155,20.038285448873,49.838025398606476,27.347116267026667,65.36716874003389,6.393780631943452,49.389835716002054,watermelon
89.036445851606,17.076097562776585,50.534717762098495,28.562295509851126,63.15160789368528,6.542271392252287,35.62997737052674,watermelon
93.87079638857907,21.703189728034502,50.638929210554025,26.08929946008688,70.42429679014572,6.367390944156073,54.90609023640968,watermelon
103.37562965474558,19.15161883054352,49.88177675310814,25.065457005340186,63.91999526828076,6.219099472917085,49.98248217515972,watermelon
97.84269638038262,14.322767889392942,45.06464357789711,27.96991377520651,64.28438982843365,6.534608300710535,35.59865663176209,watermelon
99.62069528264477,24.122113562590982,46.744092671115,27.773195926004764,61.371329877257075,6.425681912261353,48.76329201490564,watermelon
95.18413810532081,17.82065532210612,53.9657465846901,25.570354418488535,60.33846767558021,6.661664884699101,49.427927059697666,watermelon
107.26646138654606,18.95417835119759,53.10161089959703,27.437386906841184,71.24789896932403,6.713041466889856,49.30307409305516,watermelon
89.51962876405949,14.031964225452972,46.98644576897406,25.974856220765865,64.59623174026555,6.355133786753188,49.699790736595816,watermelon
95.66249368104653,19.23131169731253,45.81574925611366,24.70230589646528,62.57744190536488,6.318077498040345,40.34986696745784,watermelon
92.08211008731443,16.00469254259491,53.1186612401038,24.11089708730288,69.74068230354933,6.468876531040685,54.96639450891591,watermelon
108.31882347650783,10.302067734239348,46.537837055132165,31.089370352447943,66.87777843280523,6.364590638933463,51.57568009307869,watermelon
101.97666511239093,23.97610604974762,54.9694941741167,29.76125968744752,64.30831813807727,6.679752402294343,36.23052286351904,watermelon
90.7770213218624,23.460785761955723,47.56191514439355,25.76520847697399,62.07187939710371,6.659111757646916,47.50145647977717,watermelon
101.87233007635388,13.585995761125446,52.580404210112164,30.08004435969679,64.6889703736245,6.210682633010283,40.24225693575502,watermelon
109.4140255830726,19.684038655876172,54.345438807155155,26.427084349033066,71.72836369495334,6.5658586438847415,52.291391296663534,watermelon
109.14097438167,15.903330041594733,46.30717323589757,29.373670873952484,70.93964700715809,6.375060573458814,40.17044732833491,watermelon
97.61139854173388,14.682846048536941,49.27466528166689,29.16174860675731,71.17822114036252,6.032224690901343,45.133134016173834,watermelon
91.72903927479074,12.979474207928037,52.833872199958385,31.27402155549594,65.55348278526866,6.551278924373767,57.42488223411028,watermelon
106.15310526325578,12.74220082808839,54.562918815133614,27.0134115234357,65.08860991760754,5.86243132727778,47.154341352622076,watermelon
87.72534039102322,13.72809731391139,48.169426217672815,30.47061058793347,73.13232975593844,6.102466317461469,56.467453031114346,watermelon
106.43077343424477,21.469764255773104,46.466951140151814,29.522582775205834,74.17536096870853,6.482540478767157,43.290421227695845,watermelon
97.51448293577079,19.685875650265807,50.105704087285034,24.959623533847758,64.6809606697803,6.602396030553632,56.535451152387935,watermelon
88.43250081788926,24.285801285980867,48.28822617848609,29.29850990984576,71.27737718935022,6.611946234637883,58.64374255564825,watermelon
92.82298870072057,22.877596818273318,46.31686903436207,29.64032725082874,71.12966594270979,6.47772324120132,41.307868403378826,watermelon
106.82607867538009,12.532876950555925,45.53634791520831,29.739719924895297,67.13213572849101,6.649098019958676,44.58492852645647,watermelon
89.20696471269282,22.546632887048048,50.48909631640072,25.51356633912284,70.80575997879669,6.3111136384895,50.107824556008,watermelon
96.52245845516455,22.430634757270095,53.2956271568305,29.675110574595088,61.58102066094693,6.638853861904069,51.775324513322744,watermelon
102.42560415010749,15.444742606058075,53.79279556157007,29.80297280187886,61.68885699793792,6.207778034406163,57.159509049003546,watermelon
86.17991754243448,24.42124929463074,51.791625683195626,29.051007821147014,64.05838884731988,6.048791788739177,58.55145548721489,watermelon
92.45681135585306,21.63257945078499,48.93121798207079,25.114032566277633,60.160729465430386,6.34425733701525,59.394470463723316,watermelon
94.22840484523012,15.357885009895671,48.44091617849442,28.164350698438867,66.60997325136441,6.679914626727014,47.63801979308726,watermelon
97.69394595471422,12.075573920808349,54.82739540910386,25.99978312695064,61.10046101189404,6.4631462489752085,49.884159253921815,watermelon
95.37864134981865,16.33288350821017,52.85063921046431,25.565701120797193,72.30379978417335,6.448747113895018,45.47424434448811,watermelon
96.45071541459671,13.849708107791436,52.52114332696975,28.102997938442144,64.81281814124765,6.39605011576095,59.89336130128308,watermelon
95.88155699141385,23.810371011679294,48.45016839924566,24.437861655399885,63.06363159552643,6.218695143327684,40.49087321486422,watermelon
85.00567595545638,23.72502306621291,53.43879411230929,29.938337851895575,62.51721893469043,5.9203635762099855,36.69011873680958,watermelon
103.10072971932303,23.93211941031828,49.30535820913037,24.953125375968384,67.6858923109816,6.14883190745863,44.37062310874994,watermelon
100.53326560389269,20.780771698933037,46.106035988731605,24.28472184645181,74.91495454028572,6.032728348915551,36.345763122711475,watermelon
89.746883227398,10.584367695226963,48.918108946171714,30.419214275610592,65.1186667463658,6.244183406878366,51.88966933918597,watermelon
97.722351751747,22.921685290319864,53.66035675045757,24.07928556392923,71.67069459724799,6.260733600241673,59.72101353259158,watermelon
97.08080189688587,24.803439180824462,52.54569361205736,25.98883907690645,68.07592468930437,6.792135639478582,56.43826519379809,watermelon
87.43417234478052,20.59557995214994,48.45579585870813,24.055858095042787,66.052214535405,6.034754421724971,55.47173176301179,watermelon
93.43326522114414,22.412855409307255,45.00597938834795,26.46255320020895,63.617478214616426,6.033567361068611,36.70466549413657,watermelon
89.67810676026254,18.333243548284297,47.91361072837744,27.339158258633184,65.65300320520782,6.6759049249998945,57.63247497526289,watermelon
97.32392429139651,14.952339254734067,46.06800704002364,31.62722303505676,60.90340417350446,6.09765027756828,42.451655029250105,watermelon
93.01003215350538,12.46430264908614,52.83161430923697,24.979982895727915,69.52359988729744,5.923846026705817,36.763390939823914,watermelon
107.7357375921469,12.851931494780585,53.21250154559704,28.357046968857087,61.167847794131546,6.7554481914380675,41.17402917479731,watermelon
106.49113363381517,12.532150086768462,53.539428821418525,24.105830503242352,67.67670684854221,6.5694425794215565,58.36988793731958,watermelon
107.73005340516218,22.294373043214673,53.88191349661304,25.59375748669661,64.26276443567593,6.088968524921058,44.42634827504247,watermelon
94.83301675962971,18.168329869820134,46.59879763366441,29.529973310287915,62.5134980895676,6.110308482104547,47.58362826515385,watermelon
104.91101403808693,21.09203849858091,51.45534356410522,25.246186084641362,68.20568018423367,5.887446501799885,44.43407941991627,watermelon
95.33791325724899,10.597171591686308,47.73988099469972,31.645195738131914,74.30448911744534,6.152327054252539,36.0775027237081,watermelon
89.47737348320454,15.883266901503102,54.4777969796923,25.129592508297478,71.45273765502318,5.908682539374692,59.531439434781916,watermelon
94.54041247772838,21.62851808348584,48.42591082811132,29.02135101727047,62.88024127110055,5.946021019296962,58.45160348920328,watermelon
107.94118194761083,23.312034103193234,51.25433450166594,30.466145689730226,61.03555405367062,6.134789041890679,42.842578118928905,watermelon
100.89113304881533,15.339366602059608,46.48506781643681,28.771736603308348,72.21575881003622,6.182123494459973,38.30671787746204,watermelon
89.91720493282058,13.56224957754076,47.99897592994536,29.142360564050474,69.01418226806578,6.496079861567039,44.06254961328783,watermelon
105.59994129699946,13.061314917336404,49.69040747518154,30.407509772331444,62.70237971598929,5.909863113740783,57.09209919219974,watermelon
93.5732415689799,20.25805187363548,45.25348604263939,29.520375107275598,64.74151967320456,5.855740853587442,50.245319038702924,watermelon
91.02009540182934,15.8021086307782,45.80580812286514,25.17730600875956,64.46965853243766,5.889759500560157,57.77065661715788,watermelon
85.15117607959947,17.25790328296467,46.23247458132551,26.461432715823587,73.89089339727398,5.961694553273986,59.14580799295831,watermelon
90.14485942473554,21.123491627002444,50.46677264897312,31.075829820774075,68.30989883254696,6.334559219156309,39.886450009209995,watermelon
89.15573405129146,23.747337266732714,48.27838198850034,26.976658039703167,71.39735487642582,6.138823482422807,58.80156116597507,watermelon
103.44819422497001,18.9614386386013,53.808951605447525,24.396847266795863,63.85594038283813,6.26503633422091,40.67446348678803,watermelon
103.5976296825538,23.78812046580588,49.237701199309235,26.737060800895158,74.4232609820635,6.244852432827541,47.226210011232084,watermelon
93.79124680854764,23.643227095182077,50.68955483281851,30.097396697453156,72.1771007752633,6.141849041917258,45.8423582830095,watermelon
106.21179436015662,15.448830275137155,52.93935133451851,31.527938580595496,69.3481555960201,6.541627287451889,55.12743280102838,watermelon
106.12599122241606,15.92580006785194,45.51263459175998,27.215010169893915,70.10634344676134,6.250350385780792,53.724078771509966,watermelon
93.9245607367166,19.521162116560443,46.86419804853975,29.994955493159654,68.18543953219539,6.004064388546601,42.29777933744518,watermelon
103.71521771454582,17.23901853492281,47.16031440393072,31.73816952296238,70.72687529725332,6.757134832539796,45.67762613400858,watermelon
96.87750851729301,23.469328242775287,50.25049340245385,29.658231295245336,63.78259316243295,6.24672646870264,38.086246645258875,watermelon
90.14950089692404,10.014151229014466,45.392650516486604,31.818270585415434,63.635305427051435,6.463310709504002,55.97749246999029,watermelon
98.7665114809141,12.297167501259343,52.28116437336166,28.802011280796663,70.96875884021063,6.569746622857087,59.385259192118625,watermelon
99.33908200066774,15.124616690359026,51.48464556900237,24.54752567394101,73.46095977482379,5.919381011338197,43.19607094714546,watermelon
105.39363451565302,18.959685674960678,48.93635520277442,27.787485275000172,72.8182108980327,6.140004386059892,56.74124212030428,watermelon
87.20336077441729,21.651976558129462,53.475476330547366,25.45454122269871,66.45519798558301,5.965499774663655,52.66510322485544,watermelon
98.38369420154142,19.529850200624814,46.96486966956211,25.693966896419354,60.6224598826486,6.12206753519573,48.99361653334187,watermelon
106.44837284993322,20.00391171188021,49.35396323399751,31.624960915153103,70.78867800863748,6.730165202862549,48.18969933180414,watermelon
91.4726068698285,10.79240029547083,52.26084851483851,24.970423984044274,64.54162692407951,6.332470907883897,49.11041469449369,watermelon
100.0145799246784,12.49382995524551,48.79737404821649,28.937553816935733,74.54728296950677,6.5276311376996885,58.06509392734895,watermelon
