humidity,pressure,wind_speed,temperature,cloud_cover,rain_tomorrow
54.547495384962374,991.8876403994304,20.66186041557049,26.151663212171254,14.954931855694454,0
35.71861219223349,998.8000553265613,6.942885766057589,40.6507297423521,85.46174631518355,1
38.43958698812167,1001.4648202872744,8.395713692199887,25.74003070274636,1.9610532474253595,0
91.89111426408826,995.7537439514945,32.16436984244527,35.342752462934904,12.718118921688692,1
51.88473793153021,995.9553424400581,10.188820018301957,18.42387759457742,55.623639402577275,1
30.10961135576041,1024.079224719757,9.225545608570558,34.7319659642193,33.89699261728214,0
31.446511633385114,1020.0261214836185,12.354435969458528,31.08337293525895,56.64436850866266,0
78.57903312738301,993.0720519943204,26.727226478316204,38.66598724475452,5.778819701986415,0
31.25226713869334,1015.0821177845711,17.491265929784703,22.913555866038028,13.696663454423586,0
58.12963650484323,1016.726535463658,10.33057431548654,25.385157381751274,99.20159693968357,1
74.93203386832297,1019.447486995682,16.59390426242183,34.57154954002737,4.050917294132184,0
52.15615396921756,1019.6010707414017,13.85064203151722,30.947878192494812,70.93142948034834,0
66.89458832706731,1002.5034688859548,23.082133668541772,20.95249896927188,8.387373855201208,0
46.32045837297863,1003.7008994778065,10.48451888067186,20.977408185376326,41.070040058654314,0
77.63328552738743,1007.9037667982177,37.74260868627908,11.340172602840816,50.306832263202814,1
23.932681889714207,1010.0724854727325,34.14519714111828,17.74168729981557,87.62923485239375,0
21.523472741943344,1015.6359120196805,37.32452884674612,31.03032517248199,43.902924398044796,0
75.18568570630094,1006.8643038751691,4.973812697696429,16.856697897928306,6.449068045584627,0
65.94348317668589,1011.7710317738204,20.229691934217776,36.14726825608368,86.10088213080135,1
65.24459865811096,1012.717821070661,14.00946457308307,39.34715216549742,13.39748667497812,0
73.72094458248299,990.1525852984803,36.98604421620723,13.600132263618928,9.488423014757464,0
37.14400578583029,1010.4792581324493,17.716563921678542,11.093618849314797,31.965206225530064,0
84.83463308585364,1014.1395537201654,28.99483414319522,32.33974157067276,31.097302138303327,0
86.54282401481274,1024.3164779224076,19.753880589662455,10.310411357537351,14.004481213422903,0
45.76644602530126,1010.2504872007532,3.0037458322125588,40.18743355871621,36.50836732844007,0
80.4349818012465,1011.2351852923781,25.071352682073783,30.41610352691994,62.87213870255821,1
64.29825851186891,1024.524490646901,29.291622697027844,34.86228442856068,87.24628150836742,1
86.33454239599342,1005.5324252748818,22.83412102177251,26.866270032430666,3.8202783757391057,0
69.21719172775312,1018.9815150020988,6.300021923032153,29.018615485651065,59.36105444464144,1
38.19373829788234,995.9963590559031,26.704068543329402,29.502249514472922,64.35521229874175,1
27.04048220091618,1021.2737104224453,15.570655872361932,20.027821005771454,46.23614472477392,0
94.34087801583136,1000.6208625757362,34.55743229839819,35.00874014505815,93.08076723447618,1
39.66002497487103,1010.1935702542343,10.981783389617785,36.37102369549997,0.5324190571064258,0
45.81469656622562,1012.5717213352721,34.05937797255976,29.49425252458644,85.31729786467224,1
41.1677689504824,1008.1825649167744,18.02146156268304,10.372636784099079,55.68121431407401,1
78.90239190267371,1009.9968834958577,2.6700101940302767,13.726256770710766,59.64745775439524,1
41.998335357891214,992.7875795162169,17.18410973794187,27.73832313867697,32.87459883496066,1
46.62546888733375,1016.4205385117996,25.947801701321417,30.398252118972866,55.342770078706806,1
20.911173447084224,1014.3777514216911,15.041671644366259,40.163510725076975,81.79847710772053,0
36.29739146221333,1001.9134693187142,19.062717743200743,19.474096321246307,51.49294953924828,0
33.22963404105487,1024.2199484488924,4.316982198599755,39.82221246893991,91.35780114026949,1
54.88386383780703,1012.0512102139853,13.623037496844749,19.63708863313425,57.82297861695137,0
59.85037393471843,1010.2837729202494,11.466423251480919,21.74265061814385,8.38979606289093,0
89.72365445665011,1006.9747299602125,12.22305837311303,26.564445942061905,38.19580190452688,1
65.14408517358642,994.0086503914222,39.879620112502046,23.61778808629496,34.82306397073687,0
86.6619444023006,1005.8994753526149,28.782336530617396,13.43850292614037,84.61191855551118,1
78.85743894224879,997.4100872461688,5.811440389831466,20.12135515921998,97.60705860319044,1
22.401618057386905,1003.9029635348181,22.85280061732411,40.49998760025488,51.67360449400644,0
85.52858609421503,1009.1494674899116,1.631400537420724,20.08026480607277,57.55495078311033,1
36.09383736911206,1022.2874613705876,34.106646124068824,34.79626983209436,39.27351142242276,0
60.35045634390134,1006.2516110678304,10.135924302374907,26.160897476760542,3.0496547852754463,0
61.37202898271018,1002.9499610085992,29.6311946864269,35.09398973542655,76.32851902031591,1
77.80893798675596,997.1576518542479,13.51879916961915,25.035053919477598,33.079299142765564,1
31.05856694282697,1003.9664158216906,39.196577311295215,17.22820521387443,61.21586589432291,1
54.6378439871765,992.4858598677264,19.51506423992238,32.469258516745995,51.321997582781876,1
26.899933704317192,1022.7797964080302,15.12785398112876,28.444977646516268,79.20031261301959,0
45.94509311004644,1015.0657588362164,5.416753992713121,19.32139991057617,14.47106361365199,0
77.39228443241683,1023.0154439035979,21.11088836275508,27.280934152342006,46.103356809781204,1
46.071211471491424,1006.6479260823721,24.112301290670377,41.5517303094611,93.77645593182243,1
91.60533783489713,1003.7532767746974,38.47049913381875,23.305153986213856,60.10826653932156,1
76.78437706178975,1023.2707204576578,9.784650962090641,33.87619130363655,52.081558614408216,1
64.17778241390772,1013.1340837227386,12.91604274311604,25.40076645848336,61.73542509880671,0
52.39286514158752,996.9430388946696,38.46561969261216,26.366961281363757,73.39203702877005,0
52.57314387737,1004.3218825324977,21.767204637678145,27.39103583940362,49.715381588287165,0
30.782862793395047,1007.3626417475186,6.7641560168260595,14.036345161464485,93.26457173411677,1
52.1434936266691,1021.8143312170203,25.51721958318662,34.6134358247548,36.85624690277138,0
96.80095046553004,1018.716145155541,34.157938520581745,15.510216557624137,27.096320787121954,0
88.43265296834304,991.1159678323007,3.043999559230972,18.76527586015692,19.987297464944366,1
38.54876911062787,1017.9280116238655,22.525063755681877,10.184661161374976,42.932276570419525,0
74.09134308811657,1014.5734015932821,28.835728762083907,33.311070257874945,0.005282693229680113,0
96.31366430773778,1018.4973068469133,36.159267863571415,10.500585449837892,93.38587957857393,1
27.462990777757483,1015.8572310121509,38.39666758568364,31.71351492538114,57.05614046246065,0
95.65037421991975,1005.5027992607053,23.97174265241915,25.242825391819718,93.28462213602991,1
74.95619531083506,1017.7167288447783,23.320745897765455,39.08536781188653,94.19914468838716,1
25.14553785548668,1004.0829688839481,0.9383608688461775,20.541333035982174,53.68682179706021,0
41.31021131440191,1021.4808579593843,37.09465637846214,22.883566026885205,89.03025571135203,1
50.71591154103781,1015.7885891140395,19.037688701908966,13.922661008229856,92.79342012370215,1
49.373905154503376,990.6608307501682,4.021214347673436,25.87902334367758,68.99643571263624,1
46.778826126342324,1014.3420960712177,27.94542357727824,32.52594903449059,49.25218540205084,0
56.021215479731055,996.9783286653719,12.30620349425346,11.354703760585707,63.35352936161702,1
39.88285951416743,1000.6454339069912,30.832580866572847,20.471077861166524,24.219589201314218,0
30.37650063920215,1005.8813816087624,20.277204643087778,31.996477205942867,63.32834823329955,0
84.85765383561399,991.5663001874184,11.857628991175888,18.964291800812152,14.601690559210823,1
61.750756954198266,1013.2296567624189,15.244020544472562,33.0230474020282,33.616533857958,0
43.22269418518083,1008.9415819549959,0.9486544122316243,12.553251956288012,41.796954358652705,0
27.05012556004462,1019.6211304473305,29.29203082432724,29.5502888224849,82.02929606091773,0
52.32878781943657,997.7525367798848,20.480935564350375,27.562936178991162,53.83263720099121,1
92.17964984769851,1020.6500962795628,32.05667243634509,40.189699432489135,9.849464167940326,0
41.20986091565916,1007.3269580979105,33.86137972493621,26.16530276872744,74.80347393415887,0
78.54208760301378,995.7656903110703,14.05423738619707,18.475720250034286,34.98616942224785,1
76.66592392623762,1002.8746513399981,22.21053290431761,13.197820065741109,80.50176932346278,1
78.03116813294662,997.3381322739095,35.386999398133995,29.719176051422494,42.87251417514815,1
34.58681468625756,1022.9805328265422,30.202728165265004,16.656786007463964,33.77107747242245,0
81.26274341725795,1005.4420385774526,28.659050505686675,22.36779913164524,21.126291693819642,1
70.6141627873088,1024.1604873959577,12.424038855813183,24.75102695080127,67.40013710698535,1
80.93941651756127,992.0404021351825,39.93684935695096,34.076878519022955,86.39033162941132,1
72.09581696762771,1019.9699794816366,4.4953189971483765,21.1276107378981,87.64209436044928,1
33.012177455192045,1019.9021093973951,27.470711823886784,26.642645862930685,83.0250192781385,0
53.53993994551726,996.7897884678189,11.394107064424546,26.165248585386074,53.13307926731758,1
66.509324576366,1017.3274919177917,7.670938331746839,11.602064866985419,87.36338226347002,1
26.044359501021567,998.6340950410399,27.812757984975384,23.102334004073892,87.63139699155089,1
50.07507003226347,1008.7205464515564,35.06392475340075,39.19952173537179,26.59740646541121,0
56.97123786159206,1009.2200405334507,37.964498275529884,41.955754213260306,23.540724884152663,0
20.648655750897056,990.3238382852566,18.42264030249023,25.626717216138708,2.2569696573442655,0
74.9541933419442,1000.2901186008233,22.395724061437974,19.6294103412934,16.71343148693072,0
62.78407815353344,996.9589985600268,20.336239065785083,15.036112475803762,67.09747094857849,1
80.31501475531392,993.8637981987476,18.712096481493568,12.267894420955955,59.81824455420024,1
61.39688075074329,1022.352402116783,21.963328902748916,28.6559513509861,40.165312576438026,0
95.92636825462534,1017.2015068303863,11.416211612113663,37.01470674483943,43.239636018508996,1
35.109614941028354,1014.5399395984252,11.625718772261244,19.519765439765383,29.634807688058075,0
78.04545980479585,998.0439114627387,0.03623340984360901,32.887579311444256,17.118474383512527,1
50.39204178581632,1006.656721461562,1.7828016285052328,41.058346644075534,71.60630534195582,1
45.85552522594689,1001.1544040049889,17.941701974738375,30.039834328417054,14.637306658896776,0
40.500393911125805,1003.3068249291313,34.85087403800468,31.22073054079432,34.171187934168834,0
74.69596365796966,990.6889125383494,29.425706400454608,25.584513296519663,81.31821472844612,1
48.81136913111504,1006.2762363655736,27.59584013253443,38.28792885987798,20.698630300011956,0
93.45545267693625,1018.5313081189461,39.15424060712938,38.168056745013985,27.993732969190667,1
84.34562608777381,1021.4737607443548,24.95013537476931,10.18020200793772,18.63167765185335,0
27.978096308269436,1002.7163566449153,20.054039745349836,11.388709714513947,34.84779757956553,0
57.141789545947205,1007.3361176426868,17.107671521338442,40.59263073557014,21.473512512156322,0
61.33314078750995,1015.7606078927868,22.2737765253825,39.72866834293764,37.796835564128415,0
68.71992888415429,1000.0874188956838,6.412361580622754,27.42500137294426,53.23102633799106,1
26.069731297923802,1014.4375408723065,24.950887626034117,16.04855304788791,46.943486215404384,0
51.639126094685615,1001.2818460328331,24.415754665762144,40.0514783459277,67.17448404774834,1
25.979672290905242,1006.1239740718747,35.6329652604251,13.02279762563478,98.88757121375433,1
87.576733366069,1004.6434168199645,17.634204508100634,30.295778911281364,77.44774192759833,1
22.70313207585989,1010.7604598434497,7.469319763894839,21.070384571622494,34.79686661552165,0
28.58888947605342,995.0970058483908,1.3375194224439069,25.047970730520138,95.44476948529885,1
29.254017891849323,1023.1192572551079,29.334460589283744,30.39996169389322,64.52777553235629,0
66.94563560588509,1019.1472674858153,2.8908683604540597,32.10243326397331,53.40277303847177,0
50.33286911839547,1001.9096243781911,24.833305310967717,38.51185198861647,49.61759261011153,0
28.191557023454124,992.1527007760524,2.053374852947103,22.164804542645438,33.72377508358421,0
77.43496188980556,1015.9987525554703,2.034158753349593,17.07594441244848,27.42618501588997,0
30.71529755200003,1023.0326111222786,32.16811629191124,15.78095686691745,40.6567807905491,0
48.44975994060525,1017.6851425922893,20.40851665912488,14.091191583790945,73.89920631562438,0
50.03988976165761,1007.4214797262414,13.724620656680377,17.74098472293625,39.85020288039804,0
21.53383285999186,1017.037424613371,6.837795742703432,11.404947636180392,65.36986929050792,0
59.480734612847996,997.1878864641495,29.48910708999307,32.39081846893879,24.627073410317323,1
92.27262046902344,993.653001032899,39.30752958365303,37.527929951278864,68.78986454790751,1
35.23655976240367,1005.4754648339484,2.8601209732654143,22.469037513219693,74.16030197372086,1
50.915468074465394,1001.5602961413847,23.814228900412473,37.91054492796464,4.7583192546112425,0
75.62834005854957,993.7003596150897,26.592310343209782,19.157787865533034,19.89168137372247,1
94.90820462599883,990.6483601861084,17.51109087558276,10.692063758777401,48.3593048104329,1
30.572942202001894,1003.1735638207066,26.89051759730264,35.03666587662269,53.07506023881423,0
67.18675155518045,997.0215729893629,11.493213329105977,15.18065952167547,24.929535000461133,1
65.01510046325835,1023.0731597287527,7.822825884060922,30.53362272516787,81.72592689875229,0
64.81931710264419,998.9251278375376,10.502009200800009,11.256097698271997,30.54442265484817,1
82.61212502583012,1005.9361443521675,27.922973539145953,22.414469396956545,15.991324502412752,0
51.85195948183252,1010.29887370711,37.922131274115614,12.200030466837674,50.73940938449606,0
21.918035790122534,1000.9558874145554,32.7947259010802,27.7261354833484,45.05824928161174,0
42.84200573722717,1000.4314882976975,15.324057343623378,36.73826271886593,96.72132068082684,0
87.72406206558902,1004.9416862222706,22.080726891826046,17.390133267159822,74.35025357790752,1
62.55906546166255,1018.316209258412,31.22930920114679,16.880152584640914,71.56355505577623,0
33.808729032181965,990.0921254452855,18.036146123725928,21.27784740924293,55.49098338254089,1
35.04328740710286,1020.0882941683267,10.310208625124385,17.2457473628048,48.071405648435594,0
41.74885813807326,995.9396833704336,28.73840713292667,34.642849000130624,46.23284974592826,0
77.1269618148014,1015.7577387178106,5.531021107112344,40.91769679470518,82.1031947096431,1
30.052891646366618,994.8432496889671,29.926471961147847,25.028936222451954,78.29341727398672,1
79.70039154801643,1011.1614449726827,27.45466426314718,10.587383180132537,31.177764680502197,0
75.03702720949673,1017.7359834198742,12.27177132440405,11.153196079973998,93.27791246877345,1
47.61438706365044,993.7268617149647,19.674274855725894,34.590969461252286,22.164731461755917,0
99.33384422653425,996.909130680569,23.02080867864496,39.60846853302286,14.689656887777925,1
97.66833582941602,1023.1617032038469,35.3828794823305,16.865808682560072,63.405505601098334,1
47.104093594169036,996.1469262948801,16.855077648554197,35.40274918875572,46.48498037040522,0
63.00184801624388,1024.8305793570044,15.964371982297042,29.692824150695674,36.524420161537186,0
95.03095808759068,1008.9825632672313,30.735997157951193,12.854609882142842,21.115803743192696,0
60.170531273562595,990.7004103270071,10.114199150502351,26.556841274398916,1.4961198256300712,0
65.85193983849965,1022.4013092569357,25.813824930024314,23.2715456809598,93.03511771330678,0
82.79063867102354,997.0003122389462,5.233694453952791,31.625972343767454,55.98831655769838,1
70.0169227086012,1024.5233760070112,21.343589204416347,13.619384208055035,82.82735648159884,1
40.14826898765672,1017.2055751850371,38.284283840002054,32.29745644685892,59.60301609498011,0
48.2403800777469,1012.2730446998356,30.050924677509837,31.71254622350126,19.841010119356273,0
59.51897441147929,1017.7074025264072,19.02816312756225,27.171944951535803,77.11360481708222,0
91.63301689553751,995.6898474032217,39.820657943612986,13.80328251123959,1.4949971104238902,1
91.20151209190118,998.5733727928084,29.187985097868836,35.952491997826215,85.89863910321168,1
52.54474330854795,1019.6790092659406,14.706321842364334,28.91505217713965,50.377344372463405,0
71.67612248896361,1024.0513036285693,2.229421060056085,28.36676856005215,86.30287792502848,1
64.84314819334168,1001.6225861788337,6.197671413517436,37.16910442507114,52.15995129911216,1
94.66211299032534,1018.2105776611074,27.718871750946693,10.160816107689982,42.782345663825,1
61.34694141875993,999.2177266649328,8.394587091164848,29.171178403288078,8.892952275502386,0
24.65342069767398,1003.0285853315125,28.826578180314492,27.753816264766336,42.28764684667789,0
94.89170683456904,991.9216711818771,26.935659161193406,38.52104527448802,80.38847087352534,1
34.72328278571574,1000.3574222143101,28.68191754828419,12.696657893784497,81.18616998325841,1
28.01930962140731,1015.1216190685681,27.1927250087988,36.589519706299214,4.159595625646951,0
21.848853477423376,1003.0552484957497,5.951531353966115,27.8683032822471,91.73489015067489,1
20.019269961429316,995.8980125210715,1.2169415861634247,20.500709776482196,90.81895956965027,1
27.75616988791902,1011.224342186033,18.059837564777766,40.030982795705995,12.251914253709383,0
89.59247471122568,1011.1729284619214,24.56362951902807,27.021142300201678,9.1850337229201,0
55.60149469802842,1024.982681639798,33.40917163384059,38.59068973334771,82.32263592464994,0
20.24973210851277,1000.6228543707339,4.344296093859703,25.129387049650656,67.7127488573902,0
89.96042360304617,1016.2226007781815,37.54342383114021,11.724745292601241,1.217983541654144,0
40.28008128846185,1001.5810480692828,10.791842315694566,26.365965001650792,44.01484472241325,0
60.994284110132504,1013.5449764025153,15.485220358845933,18.041845988549017,16.62005368087455,0
80.53639280891757,1013.3416885339474,9.361127012274984,28.818759867350327,57.0689661576848,1
58.74129584877804,1009.2492645234353,19.671625304946723,28.094603714371463,71.55059546211288,1
30.870892010207534,992.3319799443631,39.0431874488587,40.62373660385413,6.043654494056405,0
55.460275317996974,996.5185728404921,19.41379588537672,36.5656717759868,95.06117747428902,1
68.26604525156787,1000.9200457137957,36.392945633282416,37.85281481938678,55.8231750279661,1
45.98391323042884,1000.2686386454043,1.3367197882023785,36.106267232809444,45.038321303900794,0
85.49903923637216,994.3614972697633,34.30623952967309,38.72028272346733,94.67079150338881,1
51.79903939381022,997.5999141413185,14.945632738667939,20.653187079404905,17.615391250286006,0
89.25607938592029,991.123835316872,25.754717102205053,34.41436411236995,75.94865691883071,1
90.88591736764201,1015.5161809990323,37.11240246590785,20.645011194268527,50.32094167515431,1
40.81690943486029,996.1965153084939,1.1408009935459296,39.09773268499358,0.8223131388891525,0
78.88657154696683,995.3251760421831,36.489184879984,38.56947006687635,65.39011463692573,1
47.58295429236292,1021.2777027181668,11.660677126047695,28.00676938695049,9.97309723438824,0
93.75645041062002,994.9269660219925,8.99587222921629,27.86029306010288,76.40930002129815,1
20.075443402199227,1016.5002703107604,39.40829303644375,35.91721984979489,46.02066181566153,0
92.30138091192853,1004.3446685591423,20.9973633697387,25.268152556661864,44.762387266552494,1
45.33736976201729,999.0355358680467,1.5098926786973355,28.66224518025747,22.99614154010342,0
31.850713761310647,1012.8840487339687,27.248370312861955,34.06895655224531,50.357689633859145,0
44.29767628729509,1024.4030722567077,10.965446687677534,16.485021503693794,44.215411378658274,0
24.547245656991077,1024.2473062635127,23.53734225665699,27.822466933253608,65.57962798997198,0
68.98490310723174,1015.0660856934751,16.669962424962126,34.23345830627817,22.70012993384206,0
37.70212728529472,995.6495945690651,14.879790391566473,37.10438513245067,82.79120621490644,1
77.66530531799324,998.4422371119808,6.725643435789883,41.10707178279395,61.75573132096185,1
98.51325774669311,1001.821459549628,28.12126799896526,17.123316369319607,26.120017127391293,0
33.40972510724676,999.2008245696264,1.4299357786345857,32.54155588727957,49.21166570858616,0
27.539445312362048,996.0092897594972,4.1013815245057605,29.602969864828047,9.42103636124938,0
77.48250544977968,992.5538916523991,32.84504417940719,25.777123889286553,84.67830271688292,1
68.05918195603147,1013.86415612115,39.740062415828326,17.43473746956858,62.394557476138836,1
21.157651320229203,994.1730002236251,25.963669621541925,28.14921881322855,55.34295611637275,0
22.548541002260805,1006.4256048726003,36.98491271370114,22.72293981794069,62.492246978845635,0
61.542406591621706,1020.0283180890817,15.655123734549878,38.43818287311355,24.02271663955453,0
42.41731255924569,991.859221846965,31.823273461691315,23.34576755944658,22.911661391139905,0
86.71332803688296,1009.3735809875014,24.644432016628844,25.178418257609312,39.16665428788089,1
93.23815049746652,994.3964446232105,16.737871588649117,21.02598105561201,49.81507202511484,1
31.19351817815953,1007.9599525529648,9.696752555488434,15.89860316762212,6.483421878619122,0
81.01220470049128,1004.9604672299796,25.065747332470334,33.28298698575179,67.93166653135535,1
50.076792771253096,1012.4017078925519,19.791774197674936,37.17223193563234,87.47019843267121,1
33.64483024052148,994.7681778041004,25.216037041439982,19.63922393799294,1.857071876509886,0
94.34245213486473,1015.1102057807389,30.50613959645937,16.446767865381133,23.419442561681294,1
61.70142030592526,996.0234948427452,12.217267707321291,20.286799294329743,15.96299332527641,0
33.37566836378147,990.9960087145373,25.17419770515754,41.2314598205584,33.12138146231214,0
29.492456255700183,1009.9635563878636,36.25416844382585,35.08997695451132,62.2515868412716,0
27.299587304340427,1013.7630898498235,29.003840755906033,40.881011933117406,26.039735874507166,0
21.47651352344181,1009.0962962549503,28.271620175872577,35.293039228255616,19.37389330248106,0
46.448064797600146,1020.1179020305606,18.95040614954881,35.586516611264095,58.06197604823537,0
81.84721132936896,1001.6435545285614,33.256664877212444,18.78631409763269,54.60988080032908,1
45.45401676069625,999.3346200723025,38.679400721121496,15.12237137557538,78.73258374573953,0
98.73319675865719,990.6965519309027,27.9610965616838,18.093177777801188,4.0487824328304445,1
20.941207549359817,1010.5759992175424,20.055859143812974,37.94829325987352,8.400171452062565,0
74.52208239093203,1013.8038394451647,26.76320067449133,40.15470383792118,82.30875290068805,1
51.83624449610668,1000.855152738178,18.05346900616389,22.29421391763128,43.23338998786653,0
98.3409492486914,993.1021541162353,36.88923479354919,25.367574831072854,62.374224549954114,1
54.43375264703735,1004.333146809755,14.989240901430394,39.61693829270064,82.8929891193012,1
28.719999189038088,993.7843173366983,17.114780594119647,13.15703605544989,61.909309527111965,0
20.57759576029742,1001.0808721944427,27.087628946906218,25.48924608729115,97.82694859989881,0
89.92830368529687,1002.5674772665103,1.819461658890984,37.0600416036806,91.12343103146713,1
99.83321075298302,999.050447754347,28.968196512334803,39.05711604274309,23.568711433070945,1
92.66068437416529,1000.8318552718204,39.05652889536225,19.000320652175187,95.34358247578352,1
62.568890706960296,1006.7256976992956,8.9397725702336,32.57906527284774,19.08094914463071,0
64.22734367878147,998.8635877064088,38.22485519125424,10.91619820274089,19.972828011123656,0
38.61841934960428,1007.1972181594075,34.89862093034156,32.786029485093465,57.99619805351111,0
27.120254238614372,1014.2897237936246,6.656571372437594,35.163756350774335,25.00567585101532,0
88.70511317398854,994.4290560549692,22.625795295391544,14.545971502177991,70.47958361321867,1
92.40625022355849,1005.2112678853539,19.523690410599034,39.67753076744839,52.09913886493571,1
75.13837890903616,993.7409181280461,32.844421109660644,23.936160878504296,7.234850989748553,0
82.89461353585705,1003.1932490090195,4.0146998038021575,30.280929265384017,88.01313534336417,1
49.300240479877935,1011.0541977232897,24.252677894981282,21.680809729242338,90.44739272812876,1
60.25826763088941,1006.2674472078126,39.90054982647584,25.792011650323733,17.839825192858104,0
82.14882615186252,1017.6003617787965,28.32095135991647,18.134970530134023,86.20840858402315,1
91.4754772301012,996.7953443816492,5.218225462055757,41.21935899485159,86.83239636503679,1
63.629028170691335,991.7922222216615,29.820123414110906,26.17062506674817,64.77090747902298,1
60.211184398042825,1007.213396281286,6.871564379110673,18.918838884516767,15.88526919439558,0
67.2471726190868,1011.3562501682825,6.158965189753163,35.3989576251268,78.5202867912825,1
38.98541633631129,1000.1033205936411,37.51951461837988,36.4214862713433,69.77970330625239,1
64.74414976614617,996.5593950794322,17.929063284328983,29.23282807963808,32.737668011539924,0
82.47558551603898,1019.4157353573582,12.94437877736283,36.837028943758625,10.357656610301502,0
26.63417220077808,1012.4621391554354,18.87749463021177,39.05249921321065,36.31891960908492,0
42.9721810750103,1007.525721715047,18.237847430746452,21.021697478950024,69.37412986983286,1
97.82852837682742,999.3329667246377,28.64373929959846,22.616263535863848,67.70819719511081,1
58.07853522793763,1024.7820585968775,29.156085431629997,40.479721613898384,83.49695494811857,0
49.625614036041775,990.7082681423983,20.959726698586685,26.16184960865308,52.52504648304882,1
97.9224979977651,1021.9008901209194,6.46851113320432,21.804240689788454,42.39561794632619,1
61.923013589406956,1010.0234935940068,34.12054235951702,35.789700909291476,13.22115228202997,0
77.11316672669074,1005.2402645115712,11.785956122500018,11.600602268869963,48.724956034545094,0
75.5737383677566,1016.9319885560456,9.791580761176991,11.582317973739112,84.8752700565235,1
20.796779296344265,1022.7989372872515,25.104794959308236,20.29909232644225,24.64779095767362,0
33.323647087504106,1008.5020443137817,23.60465689377883,19.537334347101265,3.5064949018718705,0
22.980310449135686,990.9221566267871,29.56498668546185,20.17631055405754,79.63001859676636,0
61.0306082007659,1014.9561009731286,10.940114633188283,13.89079518507286,55.60573351914615,0
46.158209859419145,1005.4871959783814,25.877868333492216,25.81202371652066,62.02788171008429,1
76.4749294169296,1008.6966462133016,27.156120834388275,37.95390727272361,43.22712877881686,1
53.02104581990349,1016.7485967298333,23.30215348167976,12.272216967122834,89.21120156910814,1
54.227245650164235,1001.572153420084,3.6127424119629215,28.004931829481894,47.90407256746136,0
28.36435665208194,1011.437132748398,29.518124810117538,34.55290563371675,90.53731882624274,1
89.23435240661489,1000.3775549858378,6.371321493978339,23.93246067609643,40.18987079559666,1
66.05754442649635,1010.4185181314712,29.99947937519901,26.316478342579526,10.482264094076555,0
97.70379682452736,994.125103803792,38.33004688930013,12.912377820240543,23.103613794705947,1
23.726395366923327,1014.6789601323649,34.01194946287167,23.890274618111373,92.85220750424297,1
87.6335361360616,1000.3880071768143,14.170628853105033,38.99046141422862,90.09634960387638,1
98.11862209606967,1021.5643410754585,5.094881441334436,36.359177156383595,40.9838478109594,1
64.30688660017765,1008.542122033988,12.869481194331112,12.400706844573381,89.56512304019185,1
84.21406500210294,994.8834373195884,31.070730854002914,30.02709331361952,40.91437879176223,1
76.01506074352424,1009.1708968314198,24.382741355938563,12.914117826629791,47.39197609111919,1
35.49602342285616,997.2934287653089,26.45215849147467,39.16019685869722,40.375661047834654,0
89.69496370802543,1016.1911580392872,34.75028922146349,27.16974947234558,75.1876244369191,1
31.205164748714918,1002.1896115377117,15.581966579260897,26.361463879873106,92.90763602568236,1
43.25950927125391,1011.5169833604692,36.1110419105818,40.79332933352278,65.36029525352265,0
87.05273611208693,1008.3820770080779,8.333077874401589,26.790029186991276,55.508260143765106,1
49.46483056693854,1002.7409614225098,38.377583829646596,24.206238730455006,75.50939672981465,1
80.06491050995513,999.2940464681135,22.874787574869284,38.61769258619674,47.51977194569494,1
86.15592200672887,1019.554921659203,22.765662818170732,22.235667133334747,93.45580725432818,1
54.56937404927156,1008.8586778537384,17.84457228500751,28.074186046726307,47.05050789923272,1
31.13502422063896,990.1185746793924,9.811603745745717,32.546753028267204,9.91945301128786,0
92.71099523091743,997.5257899274665,8.183744571671031,15.808254771887857,1.3981712971364746,1
69.1330162092959,996.5869993587952,11.41111987763519,25.229654315678825,95.43459516233008,1
39.788109745419426,1015.6076066371961,17.577928931716812,19.531115147520698,45.59159370221138,0
25.467869715855578,1023.428449465799,7.7205994162279445,38.24774643862658,80.94732096154344,0
97.42879392651328,1006.7261731331013,29.09589175383806,21.86274102520909,18.436823801969382,0
98.56356982291072,993.3686271899251,23.568468938104814,30.04684336812979,53.80795428740542,1
72.9748708569467,994.0663271254161,22.200740968211644,19.19080227607557,94.01760633010566,1
38.48711377076548,1007.8151205918916,35.512724598599945,32.20025345117041,39.462906990603194,0
49.79751511296867,1005.950753490297,7.081657642396255,30.28802455731162,36.41528191046055,0
68.8410531273728,1002.7470777927331,8.397273266939376,34.83685965137993,48.64090989910865,1
37.9800030541886,996.8311115264003,6.616036180054361,34.869158278579036,22.89871853003117,0
66.36887193826271,1020.7004215129919,34.709895603269224,24.43443429839551,1.5366250734723308,0
54.115504457144255,1011.2167738098449,22.310590363922472,30.842755385606576,15.407573247308349,0
80.04191845573992,1001.8680664641938,28.395817335258144,11.531699164995427,40.78600255909134,1
76.40276178106662,997.9404680716023,31.8114817918889,30.184951459357823,58.75617721497983,1
67.78794407822825,1006.5361739870211,27.932532957622406,23.878301859422706,20.227318174203035,0
37.114702624083776,990.203131909503,12.038308622346898,33.96536449531263,79.41627088376096,1
76.54122254893049,1015.2851698057844,3.401744852242845,17.03971606070178,0.8814833294472635,0
77.290211238139,1002.0553400949979,31.46610064305387,20.84595903798484,81.93337522988611,1
47.27012316671492,1004.2970586108796,13.948112433719135,34.436705040743036,9.695139262671471,0
48.09736157107905,1019.3033999830411,2.6718830904868796,40.15499224548344,98.63168422720129,1
49.79205328282849,1017.1736979028454,23.837072484669353,30.619702415762156,75.7509822818506,0
29.438319954962058,1019.1623309918592,28.224792167205763,28.47493520628385,88.97353347830567,0
54.37963048605334,1007.2915003427506,2.208705070016226,40.548400427521784,12.857726079687847,0
75.79690137813814,1007.7180862631808,1.0252899953769035,39.591919227659574,85.18368088189332,1
29.72983125440754,1002.7187367801245,10.21713124184362,26.21411843220156,96.6409296123429,1
65.9962794583713,1021.1475869561534,26.03515349983109,25.207888850790415,85.46075627333713,1
43.326141566061224,994.5084575817045,34.212578574517536,28.797285241365337,88.90923982489602,1
95.02617655939065,991.8769936630007,20.038772074354732,21.998865570384936,62.585839707011715,1
64.54387074985374,1014.8055002966715,5.377243313429361,36.05014099044054,60.610959985297306,1
95.96299496909214,1001.8835121695743,4.325837693487946,26.20803843318161,8.581077170943885,1
49.489652199863094,992.304475757803,24.88667696694431,28.727050540510568,28.088327306759975,1
92.81773611282497,1000.6438502569993,17.989016423684244,27.400398589396982,10.02318781762861,1
26.46233710994749,1003.5551910786365,24.008101883703226,26.436885498282546,69.4541974037274,0
24.43871536543285,999.9589213595219,32.76922307360409,12.556598009323547,85.54859546959575,1
32.23096925183985,992.3159052603813,8.637528160805402,14.091322173078257,31.24058976796318,0
61.15065972088161,1010.6065812247754,31.594724295189714,30.999676583947476,60.8758325129553,0
53.161666351214485,1019.4758110521484,9.200018101935994,10.183069809342868,65.13198972262393,0
36.19697469110651,1021.1540297708433,34.361853188266245,12.455275901702588,10.638840541407735,0
41.99266699857926,1015.087920084478,23.79664083675486,20.39437151195375,2.5371488042315593,0
80.01202250388141,997.5163783038779,33.378949738505135,23.449288321736166,57.707744263176544,1
82.01168621828756,1005.1578071260745,7.6816797423601635,38.94161095414881,19.810419424108737,0
22.064573455298486,990.7097990818597,24.89261425817057,31.17360194296097,31.10417050569839,0
74.41268374071029,992.034682685939,37.16465410765303,17.120673413678286,99.96732052420923,1
33.72181550297496,1017.0041260059332,8.936501797185002,12.587097652584127,87.49333243506489,0
76.19169140323415,1009.4973076439371,34.11824454694995,20.08179101819694,52.367239999898516,1
58.82978969636404,1002.3867039189901,35.65820258225489,15.308093589201135,14.950863952069614,1
35.569540345965216,1003.6751104789118,37.86255371914975,17.891757526101568,66.83607021173941,1
79.21195149580726,1005.6845044812806,37.50103947038332,33.573015527001296,45.79245798608979,1
67.37521443433747,1020.7544154339126,14.275546491216048,19.596343681785758,21.38388894952643,0
23.02263744516761,991.505488753302,34.802207724371314,31.708580684989034,66.05324154364861,1
58.4213540532502,1020.4643789995405,14.377801047289566,39.654640138850894,69.86569800812401,1
40.57417088195418,1009.7429722591019,21.321222459530222,14.412762295370687,59.12429057506141,0
95.89249261652519,1012.4521629172501,35.07675727483388,31.6337921604241,35.698369214011294,1
61.01504578630491,1013.6511366121512,38.4100930080575,18.117422691894287,87.49770586241176,1
94.50133019210702,1003.9257505617079,38.12064704161771,32.4890520693112,4.20057674188119,1
92.54982654552423,1006.9565483161617,18.413079391113314,28.126931391348297,14.938454677122792,1
21.238596731001227,999.552100611353,0.0981834577537688,23.302761892795147,72.83155104937347,0
83.90174632917028,1023.0816416394453,24.34018451883146,18.148059732892655,92.4147949136699,1
75.65121725751487,1022.35107242526,28.495761138916865,21.787984242711488,71.30282022890967,1
23.22225301883103,1003.5245446640704,16.25292127382317,15.33882350146671,2.3085480551770177,0
84.183105309095,1024.587122245444,13.85454012433977,29.180135112355256,93.71449668151219,1
33.36334250705221,1015.117595521996,30.199149325966527,12.847217147818828,86.12493851830651,0
62.5878182363703,999.3683365919305,36.46387546241097,21.784409275901222,4.555015596535251,0
44.01816892331091,1008.5888297890455,16.32887290352928,18.762960611176293,13.132324976431741,0
69.44300197415657,1015.1454516157439,15.68118139214365,38.95774454341809,56.00039892289183,0
56.03120611247448,1012.6335463605967,38.11215392996693,35.42567342149458,4.001313053512434,0
45.16140577672842,1014.506564629066,33.050765994503244,33.40304304592869,98.93332868282752,0
41.80381183144233,1020.6246323258548,30.664906606979446,21.589720241860675,73.41245436569686,0
62.586448206968214,1000.2301560448238,26.231092071367208,30.531839958861088,20.94862227195997,0
22.431793184922093,1005.1767905415586,22.78047477377685,38.05136890785915,92.82167956475944,1
55.14426178623975,1016.1128754800512,8.192060997566678,21.874071513713005,63.42279988136148,0
21.452637248566305,1015.2861458618634,33.421420050726674,22.772533155006446,44.79424171771643,0
43.05195912267,1001.3391637296538,27.155129295623865,28.02233895834116,16.222957109649695,0
44.794392738333315,1021.4994146907529,27.526977468890536,41.55117816593662,76.70125299807694,0
47.74080575360549,1020.1841523302581,34.17070770630123,10.713654556756595,60.9505122449431,1
49.42657794567651,1004.5481350525157,33.281629568751036,19.914872688885705,94.30488106376201,1
73.76840536110117,998.8268306499772,12.990024358688078,36.7135517625581,76.18052549549525,1
46.32767042518076,1008.6884791427227,2.4672118501238183,16.679868236756136,48.58205588603991,0
75.47735247712217,1022.9140480291765,22.180502227638602,29.20699555398302,97.69710546262608,1
71.37033174914083,991.0775299101261,28.952111065220933,38.974998148397304,79.55802497943266,1
99.21534314013374,993.1731730978269,26.68979314532958,19.068726226259002,64.00903965861701,1
68.6098860707151,995.3709891237856,8.269865829609566,29.892146497382832,12.822994730377413,1
46.16732048013109,1007.0821054694381,37.645613405833615,17.26877084278228,38.96260173580104,0
68.51662204348365,1016.436862532639,36.06613546850821,39.29513560235249,77.6640074372623,1
76.83101179506384,1013.1395705389001,1.7588656648581935,36.77100093219043,24.874326629118226,0
54.578166039283374,1013.377680740951,17.176751474090132,24.12120968959819,6.5627995335740374,0
93.21410697492782,1004.472399797218,16.943433075163156,32.48406740235687,94.27720011052766,1
41.364875219148814,1005.4050472288278,31.838929742092045,29.510194219969232,11.058634396395473,0
60.81727472627233,1008.5186143681153,35.048134488999395,24.79981676839802,27.94424222358942,0
38.477307857282526,1020.5988156839518,6.8404341767291355,23.6277939482606,18.717311492694698,0
48.091495244544966,1002.6384874219264,34.088568268919175,27.72076653742202,71.78678511312636,1
91.76308130005476,1021.5609586614224,13.140362173514525,40.47844042068433,2.4875882014605444,0
41.970950385358634,999.5578507612462,12.104891403275548,29.59402831510151,43.83327756143538,0
78.1387869082674,1021.3218724897633,26.967974997714425,16.542935046322416,93.26819023605022,1
27.197382308876872,1009.7184309233159,4.550498499226072,14.440828291604184,30.003048059549663,0
42.532240774757106,1011.148382861625,32.66981117890726,34.36318899849256,26.248445471647674,0
76.56964911555048,1010.5684168015641,12.717573188272912,27.722589307770352,73.07068843628862,1
23.38679567219937,990.3919756839497,18.32267756291565,14.218771769712454,66.43442914647144,0
35.813674949941515,1009.1969255012193,4.642138375382756,10.739419289199368,5.113163810669718,0
96.3406753212248,994.9800176513828,28.33913012547341,12.17363853513044,10.816035223518217,0
96.12642475518956,1023.0692408557259,31.184345701698604,29.267258564075192,45.4960317393011,1
48.49428274627368,1023.1480641441444,24.11635245698742,28.530320885951824,23.190112176891486,0
29.171195486856547,1019.2923515468252,1.105273314237225,36.68770438717109,14.028501278796679,0
90.92512901049217,1015.5420423067656,6.586810500292204,28.10617577150298,31.265631435521946,1
52.28182132057835,1003.9490300027884,6.7954669922648,22.258101634744918,87.16168463288501,1
49.05029683917087,1023.3061246874926,37.8523559683355,14.636757097835073,17.73112535226449,0
20.349918582640747,999.585513689688,23.905159727822397,35.57651091071898,13.338861709325956,0
28.84330915333883,1022.2732428750317,30.045934712903307,28.87294722489851,76.9186789995928,0
49.744239301962864,998.5433100372411,29.160536851718746,23.429513349032586,98.13771043261949,1
47.95881458464808,1022.2604597185873,37.31850194268318,17.739294306071876,79.82211815880133,1
56.0099418108191,1016.0506301068078,18.678696366551915,17.289624182811398,19.935012894468628,0
54.03449554050765,1016.4423129954976,24.202859407230672,32.036137276817385,28.232635073194245,0
85.40259327664965,1024.6462256783957,16.275162504986834,10.350836900209387,16.979263955094737,0
72.2021502200335,1011.4227761371351,31.514588783421758,18.12428835075418,76.36319155471341,1
63.63905184455696,995.1545832974415,18.102580137423306,38.19831486578051,42.11913798253908,1
87.16533651803375,1010.6588677840894,7.675068524094271,28.595399830332685,50.598332915706344,1
53.33669310777839,992.546683168387,3.95076205595005,23.309329053846913,30.53814819684637,0
94.04354606897788,1003.1497031883094,30.314324882884005,26.967920843719767,70.40856686423355,1
49.203655478089075,993.5073972167684,26.948465908833953,10.248308746797584,47.52929765655083,1
35.42415221331674,1011.9581426552377,39.17679492551409,24.86089300226067,81.74982565256667,0
94.43387945430223,1021.1488054061339,31.432018607518977,19.48018410613709,54.50084157239405,1
37.9117786644548,1005.5370844316288,19.368522630391624,36.61248128541859,89.60283653249931,1
88.94190718314837,996.0997537475477,24.87527855561574,10.799068813892198,39.95064752605643,1
98.87682416922799,993.5242760386332,16.947726079985692,19.82879840607847,90.50881233882643,1
26.495022964034494,1011.9498437921391,13.45474847534839,31.506700499394018,3.2119756067814476,0
30.67193881419915,1014.0230281470425,8.49482621209991,37.442805624396854,5.859088771013543,0
34.613043908561096,1011.3454057244938,29.044242734776738,20.063252347728337,82.88971119758777,0
68.27340627778267,1003.619305336526,22.305695733726342,28.456347117949576,16.5535292693866,0
52.07221780633009,1016.638870596984,19.301536298666907,40.09011690365646,29.36764133584362,0
53.25628626279432,1017.5434883667665,21.84098373283001,27.504900685582328,5.334016300518352,0
99.94680982648923,1000.7924274721308,35.37986139175454,31.63947952129528,34.09164091920904,1
63.482750269929895,1019.4187557982218,35.334731921236475,15.132604000196647,33.95731412081696,0
67.85902078815172,1019.9187018547266,15.262975513020711,33.68115023949366,62.77004136007399,1
50.051898839440064,994.9370929822304,28.372954111038695,37.3460854061197,68.58544924014919,1
80.518214307233,993.870271547403,33.53351282373541,27.776287308655462,68.9969012141725,1
97.7121478886917,992.9288345886694,36.04896091911157,14.035286271597098,39.29588066366823,1
76.65178676788457,1019.146553395845,4.8604467815066466,35.922217863335284,48.127615051161676,1
56.04987400865352,1004.8364913198949,20.368463409841702,40.24161770862732,54.82037727921516,1
74.33030650678896,1011.2422798079289,22.59251124344729,37.54977544251827,82.16465971645,1
29.78309769444796,1019.7005679960807,16.5627447776177,18.118298559865945,86.97685680139259,1
41.07228895646756,990.1375262497776,19.818367716117777,13.207304212572296,75.43759555249096,1
42.08601088555283,1005.5275976311218,3.4813426036621697,19.173095950312085,78.1490243258572,1
93.3940682243601,1013.7942865915202,32.440867571689076,13.487092137725305,25.073182600205445,0
91.56310817924728,1015.0286964766332,25.582153055092448,31.2405355558944,41.420055430464345,1
91.98076922946059,1001.7655882744784,11.772869769249436,37.92948240254217,79.69876547589855,1
61.19838485186758,994.5757158810247,8.602858858602097,30.999295693081812,38.50412378404117,1
83.09491433851392,1002.3004585714739,6.684003510625356,11.068582555707437,38.571671276102,1
92.28474429578255,998.3645305714487,8.26052659719136,41.03426512771329,2.500411285059212,0
22.999036549572747,1022.1230889073354,5.585693208383344,27.656937079222253,27.405420742954778,0
25.215424174775283,991.7472869982182,4.622267953453552,12.283744444460162,76.05581155199229,0
53.46951281056057,1022.5131357450418,36.430072509525885,32.901647363922464,88.46823774216878,1
45.57184220700998,1003.3388264102899,24.548487274169123,29.956030313512453,48.169983801234096,0
85.68989008941796,1005.2243069260816,29.09169908958274,18.625974184078704,10.016932623732988,0
48.19448204421925,1004.1040480043188,0.6614849824268321,36.07334405234867,35.91934023891815,0
33.999746300046716,1021.1392803864646,24.34750111531203,40.409089605455534,99.87500343913169,1
49.74880922664755,1000.4581072429146,34.33424220636387,41.955565665198534,62.96412342324573,1
48.427176657563756,1010.0994633089981,33.322277650568545,32.019644040353775,2.116381398203826,0
46.93645351180268,995.0566493808112,9.318888483121563,38.975663279722426,3.689328891076815,0
69.35072575731158,1008.6935591530053,8.730779314135443,15.255714151140943,23.679803459611882,0
60.202370136132444,999.4912224998922,37.904100064308885,24.843687085723122,5.879601654463706,0
72.2791145646598,999.7858029683131,22.829749669332795,34.70888015383887,92.8008741774554,1
40.890171554646166,1001.7199932849643,18.570656811437587,39.66959480755165,90.13868568106571,1
47.646469867895796,995.1934882376117,25.441614205275435,40.383853815653175,99.67337702943814,1
50.019290599753184,1010.9654422990114,34.25070614096325,13.758786329484288,68.9564411051965,0
52.220289499795356,992.6586100437721,27.81628594357223,18.0877653999505,31.1405645044878,0
29.68650385931702,1020.2630689861462,19.737771171309543,28.30870008916481,56.94326830948546,0
79.61061987987199,994.4469692875186,4.15495161115242,32.72464120308811,20.883702045198383,1
44.54182010822659,1006.632961345061,17.974052669181848,32.67453200207997,62.3431793443361,1
43.40901819387723,1001.2816659130166,17.519909915822165,19.838789537072834,98.49378689708634,1
85.12415411371437,995.762914088961,0.22376623527478046,11.369064583912571,24.406345104292527,1
88.6396178181887,1015.7862577319629,8.624362523287616,22.777576192825148,50.78942095312776,1
84.81646796026683,1019.3692561087157,36.38873247631104,26.295848016092005,69.4274746435863,1
39.89534475769081,1005.1100909759314,25.362020332268777,18.223550011320995,5.218505779676108,0
20.818708512700603,990.7755837440583,0.33398950055078647,13.531361809852015,23.948871457012988,0
63.645003533420635,1020.0285109389127,27.122415071507007,19.47462685233441,56.161615979145495,0
77.18847793603274,1015.483657232871,26.661538211907555,37.86593359281977,87.01054583441044,1
71.32562364520798,1018.6374200479662,0.22608419364738896,41.743904288475235,18.289377232919925,1
57.619918852798094,1020.5210407195003,9.001615961767975,25.257447164812262,13.258218018117917,0
49.090219901692564,1003.0712475877452,39.72683158393331,41.83401693772071,11.478627866061242,0
78.07750234626778,991.8110917884186,1.207680613487545,13.370684615838858,96.5485657007934,1
61.243759526011374,1009.9396621212394,8.863737217577894,34.21192921887825,30.955316940265078,0
93.77050604235282,1012.9852947259856,17.454047772144467,35.27718405449105,81.79146260466648,1
94.87641229828827,995.7659363427146,1.686016678517368,24.529770323505574,80.1209900243629,1
81.73344850485967,1022.1835720119491,21.32802657476161,13.202069490129066,58.86889743360161,1
33.81259208780718,990.4301731404485,23.746103177872413,38.37550054226894,67.06633160020995,1
98.56320700727856,992.2061778374916,36.12004340605985,36.05018519637378,31.424152049950493,1
29.600219969351045,1008.6190107073775,14.271850226197383,35.350945060971256,75.81292064968449,1
92.84900058980841,990.5190556851097,32.364128672921844,40.0307856999894,78.93004491081501,1
70.37381214879099,1024.5419799976373,15.92172696416383,20.621001116719896,62.44249271843925,0
86.04869380060751,1022.7870882333051,32.12496664716154,23.653567379705752,63.491423531206415,1
37.334931496431416,995.9403203911755,0.0063097831222691525,32.9836158394011,11.10972088459905,0
39.50712797567523,1000.4256716032978,22.415194405470732,22.734632873464616,67.46739920231619,0
43.665069020108774,992.3459827663133,35.828766989920055,32.138194756001624,12.161815681964939,0
25.20367661897125,1024.1205386700935,27.246902017580194,23.358594274999728,70.17310407557848,0
58.230184452244615,1005.0458965343697,0.4411233707560136,39.64982768453882,60.33078783889431,1
36.25231497519745,1022.1861196797503,36.59727607081186,41.65389325971507,87.40565631389788,0
38.475228737658696,993.4453142150347,39.176820547103986,19.47278564865953,87.0891790467806,1
20.33017237396831,990.735868252686,18.634852347854736,17.638869885922034,68.98412834359642,0
33.010263705257366,1003.5817244520445,7.4241625582173265,35.35111511180571,41.607023555328006,0
27.474549347399943,1006.9520015795243,3.6335272424565668,14.12599377343415,23.96098320282053,0
41.79571528870653,1009.2204491776583,28.874126421324494,41.787929221125594,13.157071187892623,0
23.943359921904353,1014.3024561148345,33.28903134015622,37.083160955725546,67.84635490771606,0
93.105183866897,1023.8734247947033,33.88629828012431,19.91227402427586,19.621565117029526,1
63.849605198545476,1005.8555162633066,35.11033368770932,13.201013474148919,25.77400613115186,0
45.661153121736014,1003.5504387918894,24.903751862507598,15.060244663019667,86.06044903497096,1
55.80337883730194,1022.0957599158195,18.714796545357263,18.801288286103468,14.182882868767487,0
28.572535754153876,1003.7104717270912,23.57087044948347,18.82194870088641,17.522429236611526,0
81.97772980874733,1023.1376910298567,4.01761671447864,14.978890380320252,96.00126572527186,1
45.355623090846834,1012.9007212536919,3.201302790637466,17.754553966519648,77.36793464792507,0
62.29486829430557,1022.4789171625466,17.15005633365417,37.83399570604554,44.89554374782375,0
87.80890993725194,997.3738139064646,24.97161603133079,12.325834098874076,83.67107205834617,1
33.96367068027972,992.4785145485017,16.00876382155245,28.46150843518859,85.4916958559771,1
24.835753838821617,1016.2190452659055,22.606930248957497,24.33252303502282,30.926887879218967,0
60.19188222748285,1001.8537861559961,30.280474709894413,27.404598287764514,87.68477741541119,1
88.08735057857156,1009.5026665725516,8.27364152574245,29.952249918599108,35.771676494242755,1
87.55244898336527,1005.865490852629,29.05765432429667,13.057158644359589,39.60243463023462,1
46.385264708508885,1012.7627946173405,30.279790379586224,33.98485148185311,50.98740563064028,0
84.8656430270521,1005.2977328965117,4.955222611822476,28.062138932922025,95.23013846011067,1
71.74445282792774,1022.5696709462451,17.133711777398418,20.604612446164396,97.7241565000449,1
89.07545068082668,1001.3065254616511,18.551223894436912,23.28250012824957,14.90956786714339,1
90.02632661103264,996.6274679688232,21.91483242548879,10.766764323976634,76.42204838423086,1
66.47311185970227,1011.8956354214414,2.0688353021861383,16.753226566675693,7.433087235358016,0
65.29487874539001,1011.4252437564687,21.970050855115772,18.7369214616275,24.450749734442525,0
30.964774682926503,1019.7174806216223,24.65917434164978,15.968352400129913,17.720937982123953,0
72.75192639242971,1004.2402437638755,10.479022571140701,41.34242441961036,79.72395750228002,1
44.142337850902116,1019.6647678697473,30.35727794458726,19.506577596095948,42.65528542416397,0
77.82096262717573,999.3629150073854,32.80237462985014,41.859478768461635,7.661981392964867,0
57.84281000669602,1018.0721895758782,31.55803586164934,34.319909066590995,34.899493530191094,1
97.91524668586058,1001.4641544828472,36.92575550867431,18.619421381775812,98.90744654737045,1
73.62109494620734,1006.2229018125493,24.535617122544195,18.720997409286618,27.41738575114666,1
68.63769340785299,993.5904596115857,34.08946099903644,29.243764063682125,96.08555767847797,1
73.6148373928966,996.1311202296463,18.95133449231289,30.751923121510533,2.826470104997769,0
58.99523790078307,994.8309663128264,26.935663164633233,29.076417974289114,29.446409884116022,0
21.092790674823362,992.7176770373652,15.667791020433576,14.927179237301885,37.681960614797084,0
38.49407065099154,1002.0337871940563,24.561247937946025,37.54736089739036,75.32134387388773,1
64.2720021466732,1002.680254941077,14.602051101672217,38.141353928460674,3.92435760405464,0
68.44234199130177,1006.9672321031657,4.23115627576268,18.89350434461949,89.03144562136512,1
63.99907326927624,1004.4695801310868,2.907286233632438,32.85188887687378,70.28508233960325,1
54.70275217658981,1010.7644882545798,9.335818069136268,40.12029005368473,58.879452918022956,1
44.89539554835012,1005.7387947809805,32.22739155507569,15.171713943369518,29.28356224602604,0
83.40013454891728,994.5658720512076,30.50744681818434,12.18725487521812,1.2592612667494785,1
91.85788150657297,1010.3468725926305,14.073075883472459,17.443028382843213,61.68857832608161,1
98.65727893229966,1012.2258598149564,17.71482024423562,25.716511012309187,68.24790662368619,1
28.12596353883051,1001.4923225833751,3.0108896401441543,12.347544304541426,19.583924189423374,0
58.8396712932698,1001.7416813696304,3.2941196134703254,27.609456741860146,27.126858648317675,0
69.1947342333718,1024.2015708696347,4.452572859102006,16.788012759102077,47.30945380993747,0
99.36307790228756,993.5991485622455,2.1189162418440333,37.379284065728896,92.72648702069863,1
27.24682860368814,993.9699599361045,1.3269663102309526,13.344242004567171,20.94198168002809,0
82.28424204148337,1017.1648791292033,21.402949991168583,35.51964728681655,59.58075323899696,1
45.163687808268605,1009.6388538068941,21.34034344538054,36.350497720298264,98.1727217381659,1
27.981040323050685,1017.1890979306901,14.856676479729284,11.260485212469973,36.32461785621772,0
68.85142007373159,994.1737558688513,36.961379697210184,12.485517224730835,93.00067198331662,1
51.26002781672746,1015.928327765646,24.058844035248296,31.492573486558246,38.916461651348,0
59.02507854460792,1024.6453619413262,8.556914819988709,23.371397968708205,29.18231875739673,0
43.39563687979167,992.8486610821544,0.4573070668881618,23.678417063759536,41.03375943357709,1
99.07119029118904,1006.4430726494188,10.256734783016825,38.51934211300696,49.10679496535785,1
50.633312586381926,1023.0478286065826,23.58021536701702,21.024059364558774,62.56671806315931,0
92.8328871662493,999.5896710165407,20.204668738826975,40.67810092517617,17.239614329845267,1
74.37401049125079,1002.292687073365,12.555174939350596,31.894709458827855,21.554328510454535,1
53.57237958872041,996.5861126118522,0.3321936449331897,41.04183552121822,43.170297865641906,0
83.20593015706197,1017.4296046066341,4.504285961572472,39.18606249204446,19.46296472032246,0
69.03818732714882,1024.4971767030697,35.29586139065455,40.610045713957405,34.25987712181195,1
32.012291534710016,1013.0906036291265,12.943104161580475,20.918466316548912,66.19177301579263,0
57.359953562657616,1018.4211652559098,6.236740386513082,35.27834463254523,6.423524805742087,0
88.3940525208857,998.8437869708772,13.087664233156517,27.18786394517568,21.157280648930232,0
84.89250092700046,1017.0772825752016,5.8116684786312645,24.842551418132228,77.48277666546214,1
24.01704971660582,1011.3041066185261,6.10611920002428,36.57866640366244,35.544946358047845,0
42.52430901825566,1019.431114184902,2.0057609228724083,22.691481578699033,37.00035405750314,0
80.07427148133777,992.2373107467179,28.587497977398165,26.873572260121406,90.08678944015792,1
45.03564938786867,1010.0956699863355,20.030210989639443,25.665948999283383,45.610539951721265,0
56.10688261914309,1023.5480696250912,10.432337087711051,31.847802868065315,94.07170796391084,1
73.0766658412874,1020.4945517666088,33.09923839028024,21.523766895648123,60.01239399394965,1
38.43375774514698,1016.0307885233356,21.122336875684983,23.159275604213136,26.879709616697756,0
99.89587854730294,992.5098682309726,1.7424272228968007,16.952236815803666,97.10724586278197,1
97.76336753412988,994.9974697548847,4.045007527266331,13.590769255912733,57.31279232725647,1
82.47795205744418,1002.8333512256122,39.11583951144506,23.901444419786543,15.044855077321628,1
86.5780624403503,1006.0568901484808,23.7442730419667,18.555030789083307,64.5916526405514,1
98.87775551602749,991.7168750405727,35.46122682820671,27.99304008856073,25.209865956229994,1
46.53522013387085,996.3524169894795,9.778088410266484,36.651169330926166,61.44100093171658,1
93.05964955906529,998.1188958255225,4.845542953956059,10.19480099121888,50.78620376159938,1
82.53778127903678,990.5395308126789,32.674419221640896,19.61685623163187,14.967346458360108,1
38.106467178965964,1006.4002931531298,16.99471708272044,19.244393579975256,17.22183222070327,0
39.58471691297067,997.6183056623079,5.467802979561451,27.64257759015364,60.54003719533442,1
76.44021285305098,1013.8074679826784,11.693332451335298,20.56995217269909,68.15145354423379,1
49.94689229573916,999.5229455152293,3.532508848743112,36.56444487285292,85.31113891570364,1
37.580024013350354,992.267026983382,29.55309749404718,16.76891602762924,39.343548943686024,0
36.56678599101683,1001.7569845787341,5.369536763749743,12.373524169117516,99.21717144484094,1
72.44751609958713,1008.9733778219412,30.61994001621198,36.88246911000717,80.67147680447275,1
98.59861208488856,1013.2891677423389,38.26195634916826,16.446287412665402,86.3957028115023,1
45.708184465218025,1024.6347682883231,6.307546882925892,26.52287420282645,79.28445338371219,0
98.90846364045929,1004.8857852605404,24.162884023962544,11.745269141604822,84.221008021026,1
71.85344391836348,1004.1407036001984,0.6467815981807901,28.933402258992125,1.2657828484162192,0
72.2617252666195,991.8794015778781,12.536222458982254,14.78182086854461,58.01763697965339,1
72.94121237819166,1015.2397548759665,10.209248676742618,12.855992052370688,7.868365694189783,0
37.41832273976197,998.9859560469542,4.035552084234357,29.378248764605768,67.98728739471748,1
71.4344966528608,1020.1395585065674,19.45703340104287,14.302625304546062,28.940513070441266,0
62.480250379436995,1013.9037546541041,25.495634014931973,38.202396462878454,58.60163774782966,1
82.28810869604452,998.7047504588264,27.12730338356272,38.870211788245626,38.57323278998332,1
24.762095749745797,1010.3527908368426,5.207573968032095,40.95421351137892,81.14075027006562,1
28.777904099769607,994.2613199176687,23.778954196504756,21.036453573541866,3.490585907310928,0
28.086119389739412,1018.0672137289594,36.60307061115224,34.21100588845216,82.24223100162773,0
37.31924538128939,999.2250532821511,8.34110161196751,34.48202980369805,94.79170789344971,1
71.0959275906538,1003.5680965195579,17.03046459721221,12.410285829356955,3.145719524602608,0
75.6380483351262,1005.3450112203914,22.08860272218518,27.845159923917322,27.73758133333014,0
51.07417769822856,1018.7236384190375,18.046560147503836,29.31662478419161,89.55201203808261,0
89.2986898287138,1021.1647771322707,10.800199858600559,11.11943962585801,26.10667998953292,1
71.93941862703765,992.8596385860781,5.4151438404440455,14.981636017343213,63.04217481689231,1
78.83312204056026,1020.0875368697889,37.62546203224972,16.454545836366137,30.977248472404906,0
93.17320859389996,1010.1289398428777,29.527675892979964,25.683815556057024,2.885791333612453,0
25.135638879825144,1008.827306094376,28.751561392801026,16.890576880919408,72.1909573992304,0
79.7135386275284,1004.141048261496,27.1340251782008,34.447905578225374,99.19266183081108,1
47.631732965087686,1004.3864273201114,6.624802376406853,16.53033786885782,69.33950025983778,1
34.3875557468433,999.9784824784048,18.202068192325545,19.30081053969179,23.357908312186627,0
78.87875910056636,990.2745722434219,21.569221093459326,35.400537824952124,26.62282863174682,1
72.4019757124072,1005.6047371969552,13.863119515031169,36.74957033689003,75.84459569998643,1
45.700413873113,993.6056718054772,2.8723018178187676,13.016831292765954,58.28693611920428,1
80.25597615313835,1000.3021858280382,30.532323087205192,33.85494522262577,24.582713263321633,1
78.30577440741963,1016.1721823395235,15.898157026681075,16.733455479728583,52.12708068918691,1
33.83379981018089,1013.8964923656732,17.088121091273383,28.928921515371936,73.4064035023108,0
61.19578812115559,1018.4894391100659,28.88622317266511,29.68234688059234,15.079281583235149,0
40.71109935764036,1016.4083157598948,28.865185440188,14.508323858252758,87.70272712616372,0
34.47784511824018,1017.9040658976837,18.279214385120195,20.50471339386084,15.823926267421351,0
64.03443103576964,994.2729897577932,4.507914417533008,12.313938392729327,74.37673473735441,1
76.95056681834313,992.0450846799101,22.41080302387892,12.709636967766077,90.37457706089417,1
94.095113715156,1018.4008560644792,33.14154303708197,28.230651218237863,30.60591982161759,1
37.42392920931373,1001.4520007713625,25.139817203562483,15.525009146636766,25.864023663732162,0
67.09149357728492,1022.3111609959716,29.92357462812506,31.325651652765217,58.27214759837788,0
59.03583274056519,996.5297350872131,35.78841821707462,17.953152064410762,9.130887757816076,0
49.75167996329408,990.9899724901843,5.482717701617923,15.542516184317186,5.441012775017795,0
72.53255652982762,1019.295272853109,14.932616254637638,37.98644725498242,21.33465745601265,0
69.64473563351989,1004.6954356804607,24.531333873675948,34.373596972613875,54.570301603294844,1
70.21042839214303,1022.7337610038016,11.962572384353724,21.4932460362865,71.77033617093369,0
50.091784800839214,1006.3743304593651,16.775593518735576,15.704793866305305,92.44300917842622,1
80.98550093551808,1006.8474541237748,27.202441132273464,38.7130455083367,13.61741423615712,0
83.92082970818869,991.2689213404534,39.360726007854424,24.55701129223671,35.9231140621723,1
43.41795502718175,996.1024847677805,31.662956357201114,40.57325327187509,41.36447548453982,1
54.798734333637036,1009.5553192874394,2.3218534807401525,32.28043120961706,5.282464448413671,0
85.36679575357196,1018.8731425311195,9.483091502248584,20.35720899314561,48.13103785582933,0
67.398912370554,1000.4225475630254,2.219628842842427,10.080881594621086,10.11510579184286,0
83.38005601312146,1023.6500959334168,17.07864797124877,26.40588651039817,14.684816907342613,0
68.89714649590641,1022.6640533653299,7.827941572121584,34.46603897782727,2.3502422818324042,0
50.03977930572968,993.8761977740678,14.099017663827977,15.553181428444272,37.33049901228874,0
72.52975595785033,1022.1598217940618,16.023814964210892,16.154981007200686,27.072275819598335,0
88.32006587970952,1010.0073903144552,18.200441292278292,14.788375088285655,44.9727308323782,1
90.7256087532585,992.9365889639869,20.666139570449715,17.201867056469506,41.07770895242906,1
90.14783986011652,1008.463008196099,13.368611734830393,16.652427331359906,80.03248594064893,1
37.39874830903824,1001.6986230954996,38.39373706954074,26.6428780033867,40.069928124325294,1
61.71376338786591,1017.2645977064863,13.604357460114752,15.718595869843483,58.49361183390478,1
90.55900726129038,1002.9910942241189,3.014195849155672,40.66715467619015,43.50119274374752,1
69.8606007738505,1013.3206863094903,21.86054834804814,16.568240951560643,75.51430501161414,1
59.08489284678733,993.9878364094795,3.3580664599913534,20.86607505803292,31.084615551739326,1
96.29251607706169,1017.42679598552,26.3969718103624,26.564738848563362,16.736753072665135,0
28.554048195779586,1007.2829613500511,34.95992046452333,38.39331205687454,1.0965916056447256,0
90.90365958011198,999.5019476124951,1.558894558736923,37.12928865161198,86.38667559882083,1
85.04962180971356,1017.5208343448598,35.60421893770816,27.68791832309451,96.76470927328087,1
99.69174647466707,994.0790613499521,33.98175038216488,25.99431224795485,38.75663382998321,1
60.51688950136639,1020.4811699509333,8.538460645558752,23.644476632621604,93.94808877148755,1
54.28510702445578,1002.5428671316339,17.62146592493513,26.622488528561803,63.199134413146886,1
85.39847480721123,1008.6802231473229,13.539220414719107,31.054426499821254,71.77222547434914,1
64.643918050359,991.9815240597153,6.795315006432996,19.129527068487302,28.26256059514931,0
44.80174769728819,1008.4768439780373,8.637024037558302,38.30308203441688,8.536877932656529,0
55.55058898408519,1019.7297794309211,24.63375577684943,19.35454450696427,42.07602077764607,0
99.8558303430286,990.122663223587,1.1051902323366036,36.3628964854782,19.946268683305203,1
24.86154147169927,998.3001825632775,17.044006159234407,33.378120653868955,62.43355265512055,0
94.0971284318855,1018.5252721944315,12.927591393271737,41.432465963382285,70.86204004351309,1
24.995948453342542,991.2306249651024,6.736317960401199,33.2913877776047,18.37389258424279,0
93.67089262641561,1002.0386214754249,36.32528226242523,40.23602054113742,0.6128647313680791,1
57.13081497589856,990.8629619497412,36.347710652116234,26.589041431506427,7.494401269849682,0
95.21873542983116,1014.2518203048828,34.704754647565295,21.72661268287935,4.321369954999832,0
97.94541097635313,990.601054673183,37.90606612324356,21.79767756317263,1.009040502188152,1
70.98438611426596,1015.8796269783053,7.2420144188859,40.6882267764619,63.873925628923786,0
87.76375350964439,1008.902300034946,16.571073903595305,41.26985301103987,58.212137081983606,1
20.28086807285205,991.4006874258652,8.034048642044652,15.952269819391848,25.475879519984534,0
44.394771015812864,1002.6022922742754,16.821507602755062,13.16372283059247,4.236193195278204,0
55.53153617760957,1012.2053979408923,33.107176288141616,23.686173091718548,64.11194650519793,1
96.2857779068127,1019.3868573551546,17.040032420096377,30.630938810071775,17.707092191593976,1
61.465209216201785,1022.4673404716551,16.29339682013043,41.963034469908195,57.92200352275578,0
23.381519538874763,1010.5364178841986,10.982907827183865,11.03940230514863,82.08533046946633,1
43.05740663646936,996.8014223855821,38.9574229641771,21.572650488160626,60.13762114431604,0
68.79851942515772,1009.6165718760726,36.58782974084858,31.58211428373979,40.373300410493016,0
63.5389406088334,1023.2692630180314,25.015905195216508,36.14299041519604,65.35607255451929,1
87.14966908303123,1023.0570757945835,10.916869101309473,15.429154600215004,48.39907503325399,0
20.328116034413366,1002.0027290542847,38.75437341871154,32.238958739387094,40.13254439412239,0
35.406087787747225,1002.4631385814162,6.793577332049918,13.401786282014445,90.67423725725538,1
56.932734460913224,997.1687436476549,12.056996471942337,16.427863542133046,77.42605684324514,1
77.00623545978087,1012.2233030516344,15.48871428316819,39.08931012205555,96.953254153502,1
62.050482240029574,993.1937699248786,17.45793595292451,28.617320472886725,52.20735711373331,1
46.47268664624208,1008.9856032127022,38.352038170353914,16.592556937324034,65.48313583940036,0
21.787743074148587,996.0029549176808,22.593966839982976,32.50691054460584,20.247856414138,0
73.46075497665396,996.3866715884731,24.538297065250283,23.182709756665563,65.37995093336167,1
27.331056414058228,993.9295465415119,29.069622609172786,40.218631543945335,61.074849495430946,0
77.26800124214489,1016.6689410609004,10.51257098211767,11.447348189446878,0.18727439191685846,0
24.985418003934853,996.2834902372783,4.979955930717912,39.27610817975585,14.026721345916894,0
