rainfall,fertilizer,pesticide,temperature,yield_tons_per_hectare
238.17513516168603,126.50905440063208,7.680934765453782,30.333769993527802,8.44
167.3443256769426,115.15818871806961,13.377701084724162,26.944191930772973,7.5
91.36453547640434,164.93139152486782,7.431078187948312,16.954224667457726,6.75
153.80637448272074,69.81574375123554,22.32684735561763,22.9810537144806,4.77
282.54559943292463,186.07612512864299,20.09487279888382,22.541331862419945,8.36
279.3393301266642,22.16054490908286,22.112595028733963,32.0352623645324,5.85
166.10467675625074,35.3725454292899,38.89845560111609,26.91423992165025,4.12
165.70950212776899,97.24690855249793,2.9958336800793495,17.441688131591746,5.93
257.74285510088134,63.16759139718624,7.798330859945222,26.612963378753204,6.53
49.4798732146608,29.49391138919913,33.36656432833765,17.713367123445416,2.35
51.739354747195904,98.82197968572422,33.75973887768099,21.035392659253944,3.68
156.76041367506772,123.97035451468406,22.836282150085793,22.645813920010397,6.21
122.03862697241523,39.19225140858762,14.671932825850735,17.28837738407819,4.49
114.15350869690766,133.53867563107173,18.225981977595097,26.086398814869447,6.53
237.02190569754106,70.7453040075053,12.721584467780795,36.266761195958644,6.09
277.32820810604403,129.86534140726826,21.85628296848528,20.74411612227517,7.69
129.25162715675657,173.36871484484473,22.368725270738324,26.839070456405935,7.12
196.83539614587113,34.348713173711296,27.324571428921864,36.4490343002371,4.81
189.6729657793291,42.7007580275739,23.26886109893907,32.625985901407006,5.5
208.65756787291477,181.86480529205645,24.940212449893487,18.01962335611096,7.68
120.51984488734917,56.323090685442246,36.353059908674496,32.4892015476121,3.54
87.85164073305552,156.16119583800412,18.96631783516319,20.19315969946447,6.23
200.32171432297153,27.260093384921355,13.04681016513014,25.776810875596098,5.13
92.91906721059306,158.43100396875036,17.02022637087371,28.004566614308374,6.16
45.462380816453795,26.19763554319662,17.833021993080646,33.78307059363734,2.91
140.87291614345045,169.32184965710636,5.347826175977448,36.514073262359375,6.72
235.3700625581387,189.4401907016423,27.06468934210026,23.35829043598682,8.7
126.36485573605046,146.14551524031327,30.61265198101545,36.37628012853054,5.87
93.24862635461447,163.6396463394603,29.54184213587854,16.46727479383275,4.78
119.1675103320479,196.93043831984616,25.711096539197115,31.50655162925049,6.72
293.9205857019024,87.89632084237496,32.07360673811224,24.994212156003393,7.59
286.3984060367127,59.37890751395834,13.048820279237262,32.39242138445595,7.04
142.37633680700574,129.4780478179604,17.782940042777142,32.07450855306498,6.02
83.68521357009644,83.86351213814996,15.999320731742742,16.32001240483029,2.97
191.65988452789318,179.18181703483174,6.069716518122097,28.749584308234823,7.82
222.2853727147102,93.93167782838216,20.185491519097397,15.16912002475182,6.96
219.8472296750191,139.0416822100504,1.5360350930537825,23.46975247008806,7.75
170.50580533427885,183.78742846874934,28.690475034630257,28.38761301585714,8.0
247.42921714867884,175.58592796207517,18.275522869490676,25.927492393432214,9.15
221.2632261154911,34.980151917453014,34.51838493252074,26.052878639234166,5.55
57.87601566984674,118.94910592939598,16.686571159028084,35.18823631184037,4.69
184.99905970821771,29.829854578424428,38.873812053019385,26.790150614373598,4.73
115.62798210021145,104.49323155806646,34.31431134069956,22.01277186085646,4.93
117.44344358145493,160.40865566720782,18.865054607810468,20.232076884951418,6.12
83.20809989853478,79.89130577186825,37.596974915428355,22.88961438957056,4.14
86.58261875543923,180.4052165228317,18.414214925393075,31.32244090060406,6.53
295.76501163437945,29.03156305759532,3.8677823915026854,31.57050505364339,6.19
50.23408875312967,23.932408157516324,30.979424124791635,18.09196882949965,1.92
161.6073601524992,129.06142673230693,17.13407202275385,15.623453003733362,6.12
152.5383794748648,116.39764515760368,19.07933570470615,23.951798228339094,6.31
270.73037919629365,180.9080319205983,13.432654585661382,29.14660434233805,7.87
112.4605221414167,192.5969371742738,5.712572178914694,28.336080249097677,7.66
113.4630695548461,70.22149226260339,16.198743495047538,37.97223752376006,4.12
61.46876108917206,47.81374939829341,17.582517670915948,26.740583020968153,3.37
107.28602617477624,76.96228355739491,3.4786808102373223,21.974055028417762,5.11
276.49480168884554,21.1130880753614,32.42734281350367,36.81249971414513,4.53
63.744690926724836,49.06058348592579,38.42985211085421,27.363423303727963,4.45
230.6216983155679,199.1758723265821,11.500447975350362,27.379062342974933,9.06
178.6641224434973,93.01614670050274,6.766475753696808,37.48150095322838,5.63
196.84380989784776,60.90698964073921,21.751482815669874,30.984313061793944,6.22
173.94342738051307,198.25133070528943,24.45366624990905,23.532395389619886,7.75
139.9741115636293,82.45261106796545,17.27228380431109,32.98093599636071,5.35
165.88498836248596,162.9226010478733,23.059556125594636,22.867596997123773,6.89
98.33957474794683,110.81052632987044,10.433969838483556,15.209001803877975,4.99
208.5573570976884,111.99688786503164,17.820712579726447,37.24027583622126,6.91
76.25706141334165,122.45716336329698,34.71918506923612,28.411432417437652,5.24
226.6836863130204,86.96784220619733,3.6979806814826643,25.531706787922644,7.48
103.43877861164279,194.01216095631946,38.32552479217985,20.69552779064309,6.4
130.4935084241033,181.2000333572993,38.6648888358443,25.199099365229014,7.2
218.81999365509105,69.22541276749637,29.45892698476291,16.188119213636742,4.51
52.81656811874828,89.53178692619814,14.138927682428823,22.259563953444502,3.05
89.98705880170391,75.70451883594816,38.9961709124094,24.455608590881518,4.22
155.62532198316728,123.7780981912052,39.33363073656906,20.556829358022547,6.48
197.90434836619713,35.94410113459593,27.074891033103057,16.474178353832038,5.06
194.9970888829732,153.12461189991367,8.438795624798017,34.357306173483806,6.57
74.78231769843168,191.59529016482705,2.9066235032462684,19.57914865852629,6.23
130.43381033259195,131.64227281300168,21.792043411043934,17.889800325483222,5.15
95.52114216748876,94.00598056639767,28.161258103666277,20.001417440996427,4.08
135.33650872277516,90.3651368314092,39.058261177416405,36.95732620821859,4.34
57.689701663834114,77.04274478971246,10.671781977353234,26.63629340336706,4.64
242.2092566176262,174.49812899819443,33.79456341642034,23.27253790813056,7.92
55.83544124114751,146.28174780852962,0.3931021027915138,24.411199511545234,6.12
125.6386100185397,144.80795693339343,30.649818910415156,21.994176627339527,5.78
156.0448535965059,150.86333486254412,27.716809168991542,37.7094748631806,6.67
98.54186629614229,139.21722443712483,24.387276331031096,36.047264453270685,5.53
187.74984022987977,69.43985656182298,18.977396565886963,22.67686173260535,5.35
190.62148472499982,180.02010994663985,22.772199376488082,29.529615621511432,7.7
100.54322478778451,108.5603112977749,12.40941134978819,19.180562748507466,4.94
171.07453889879397,78.10576282061305,10.32430572693659,25.67166460112876,6.12
67.61559517299861,159.65790580454475,32.31829312436076,32.658586207429764,5.79
69.6311306510027,135.90343227219765,33.372991829975945,28.279128228052357,5.03
177.4639031698537,26.18783450331054,25.558520878931382,16.87328589649666,5.17
153.10379452845808,72.67791758013341,21.817118008468523,18.068575717033763,5.31
82.47215693322069,38.77635572333879,5.820619311494366,35.173933923665544,3.62
177.3292080566526,104.10697928135046,4.268472764094171,29.93978815541012,6.54
202.77422433500834,33.550168997301256,4.495881087040519,16.13410670352597,4.89
106.94459628804202,44.419064088868,10.401921610097355,23.85633528153612,4.21
257.09318427757023,147.8632701282198,4.50012522106527,31.926169346600823,8.67
111.52570920537235,135.03941245904713,13.638478945719541,37.94646205508716,4.91
281.97478644622356,24.43599283453808,27.867559514927876,31.682506986925198,5.58
257.45843012670383,195.39907591492556,39.0240767662661,16.50136542402867,8.78
208.3089549370037,43.10298679064506,26.007486657826135,37.597099353828696,5.41
277.0728280802562,99.0435189448731,1.5979189314437736,23.33275027000471,8.1
159.42935045442866,29.9182763285896,17.075789112932107,25.78757361351132,5.16
281.42443855247535,135.3954986447887,12.466116666185956,27.082320082366593,8.62
132.37383330159986,142.85211142091603,26.48928633318372,31.45241314217012,5.11
109.71723969909942,76.82032660953188,5.010049243848318,30.07672935246059,4.94
266.1209300614248,180.34978669213405,17.961510414798468,25.563984828900697,9.06
60.011987582084515,140.73770457974643,32.85037681491382,20.6270662559084,5.46
268.0513215921949,63.772396447560666,22.02282538165457,19.427342464624022,6.33
66.4884786762847,184.00169025055237,32.820300169284366,32.480802741473,4.94
182.08385386659788,36.44358369024005,30.265861974095955,28.396006768430805,4.67
88.51342518702356,53.88179595842821,7.369946062906969,16.31105491369448,4.05
44.54953563672103,28.82083609482924,22.91081106747783,33.848400763879205,2.62
124.95211154784474,82.93059178538999,23.853859899871036,21.30689644985538,5.43
232.837873537874,141.54155076116675,8.235279527132846,23.107064079697075,8.85
72.78863683644249,43.37426241521858,27.04782985426157,34.747802460597455,3.12
87.86634407384881,39.01706218080753,32.51403886147031,28.311398956279984,3.86
200.75410546356716,160.66317597584765,28.131089109298063,34.192539815690225,7.14
206.51629123824574,76.54917149065497,38.31884265929816,15.768742166016587,5.73
190.7461393965683,49.97063846891272,28.488808207086347,19.04547651862923,4.92
277.8570869991883,58.10858698663475,5.769600844724141,32.4564671326427,6.04
170.16107840682204,184.12132022871884,5.864582286393691,29.856341539529904,7.65
217.69164794089033,126.86323158357197,30.19309833449325,22.117639258262194,6.88
156.47263065936937,92.98490173947532,39.36357855866057,21.72172600500592,4.91
186.7944611354836,65.41809396747414,36.61159761517096,21.11076799192406,4.6
272.91209020565066,38.62551145638524,26.262508095986092,35.86066692407961,6.22
215.9732113438122,74.28563657723927,7.532100996684257,21.985906063177286,6.21
64.1845264082955,45.89623394179936,4.186417613859246,24.72770150605583,3.45
73.88331262480733,135.81721091311954,7.887319278722651,17.245030876506807,5.14
83.38063033345018,186.2716512578197,32.85885011104763,23.143484934167162,6.59
216.0523085054666,142.88080744329667,25.149360602399717,21.120331476358096,8.41
50.14166939833271,102.00202075821959,35.63895538762815,28.098436945927247,4.6
215.3163291620064,196.39198052449012,39.424029358112016,30.79360806965498,8.02
103.33984591537052,163.74005086350783,4.281165368441524,32.95608399594746,6.2
203.96517669560092,97.42569177742874,17.510602199525138,22.138530449486762,6.83
238.1537013170844,188.51178154997092,37.63003436937844,19.019969552123477,8.51
105.73772417947521,32.11123032587262,10.719890675375119,35.98078944597509,3.69
204.6264554729008,149.78983896161694,10.286094044363834,31.545927578220866,7.56
202.9558706210061,46.29738179743764,32.92014297787739,20.40571987267413,4.96
209.593089332796,92.93548566355935,23.841743819105886,17.471362710464888,6.4
299.83107812277206,58.05762643980401,10.606829647334223,30.24577511559731,7.01
291.0166449961615,184.84658267433392,20.115020802623395,33.28753649811467,9.06
110.64657571352672,166.8720420947372,15.13262428661038,17.033130244375442,5.9
128.97863644251518,196.64900016343043,25.187343810368116,24.57170176734163,7.14
58.21786088750926,30.192600327960445,4.815125980221353,28.357677423131697,3.74
281.47848951342803,109.41381704107721,33.71781929824789,25.25539225677558,8.44
85.23056353486805,85.01889061564611,25.492086261520956,16.62602198824042,4.35
134.0004488183687,116.26390393061465,39.84897972178555,25.914271940316137,5.71
247.06158788112432,127.17466429161951,35.463817660095934,24.451678704052526,8.34
197.11914915358452,133.40336251138893,16.69531767201893,18.319177004812076,6.59
94.99175481325969,152.4863720766918,12.80064452349567,26.63902792547224,6.56
82.25287697733864,192.75422986315445,34.06325600068949,34.867161328195074,6.84
77.40780040134284,21.55142046652045,0.798917303121125,28.49183996030489,3.21
158.4026753644646,113.24276280353355,0.2985256166887762,24.721792252120792,6.23
230.3769936411778,61.94341359143026,32.52568017926902,28.533918530429403,7.11
94.79840585177561,62.60968565368993,25.12121858278148,34.0886106438862,3.08
265.4230177967561,140.46829251515027,17.92341949132306,26.221704491423942,8.28
93.10668166346306,132.8244734116719,14.349700421715546,37.89983906351003,4.03
187.1214647267747,185.01608056137442,32.03272399439001,25.37599160535035,6.64
226.86180915292695,125.5223897805371,19.694681948049958,19.42326277404006,6.3
277.8589589614302,80.37322642934245,38.09056058133489,27.260271672178355,7.26
204.20153845580168,117.729280008079,5.175224678668036,23.64388803718264,7.22
156.1872907521141,160.03729488276863,8.818819239974793,18.7850193438747,6.4
145.64638005057964,186.7853689793086,28.41687260049647,24.635243370237127,7.02
295.9897330577894,139.9533148450854,11.4161627385369,28.47359306695062,9.02
68.46541517793844,193.85060038536506,6.9913995153346375,29.904697315269928,7.01
241.97355548247307,141.21555120405787,24.5799784102077,35.52678916089627,7.04
60.44294485733709,79.56465784043513,9.93149918523384,37.724321127504695,4.28
218.0285426090612,58.17462274592799,9.559907208462054,21.469544961719784,5.55
146.8930923474386,62.17851181709482,0.7860593098739121,35.226040306565494,4.74
128.01178865062295,21.276526299386777,27.210027533214962,33.985117602218466,3.64
78.11815809360083,48.739942886087135,31.60332999885751,29.17468721214533,3.72
120.31860793937918,86.37052798475227,30.789256731875206,33.651509431470046,4.46
144.09272297835597,190.48752848114387,16.25850871808289,32.75222881029253,7.83
276.01792334904644,35.7350254167951,37.45973325240903,33.98730135496956,5.9
245.74078572129338,56.16404114339404,32.2047683501866,34.55305289775585,5.92
52.9636380637827,46.98366558448514,21.503245522060574,28.243226835813125,3.4
207.7390216582349,23.054443276783964,38.41467098488521,16.02552613288531,4.68
213.1462631809207,168.07834432647692,0.5312481383432033,27.4663518650337,8.57
159.48637415143568,109.81422995974275,2.888527413407518,30.74201330459407,7.06
166.17556485604598,46.888694520757774,25.93027816311288,18.964886328418824,4.54
266.8225864722519,130.36092303246346,6.28815534227817,37.133775322067756,7.34
202.97655514791748,65.57580326230584,32.1477380750921,33.809907692022385,5.51
294.5263125222121,110.33651558441066,18.198275189109484,32.329938925269055,8.09
182.02437603402126,36.105162105869695,16.719363420276544,34.62555036704565,4.13
262.59994171861166,37.86277968554258,3.628835309913234,21.04199597104451,5.92
202.0158419744346,84.09211384144606,31.55655851863468,20.374880322983362,6.01
206.19247564138956,62.42285622365929,28.54641132448615,35.09459479489722,4.91
151.16088239352513,48.95485282731762,28.01391555466278,32.45396709161284,4.65
67.50709527092772,111.10517348503598,32.58500224103669,36.53174995567292,4.47
179.27913231856775,90.95428902798344,33.92812514211582,26.33860234053605,6.13
162.694652746776,108.25624809376909,33.87140007478982,34.1346554588252,4.85
167.9012862501736,123.09905175267963,9.533488425119877,33.26096694845859,5.9
166.48551909042993,80.12819871559273,4.2728397185596245,20.49343868928296,5.48
83.90341523542918,102.92110249789877,12.283509734409947,15.808662756237466,4.43
124.01775649264849,117.93955230910434,22.068494880798678,23.20085518706844,5.95
138.110604079881,66.48082638679693,9.738681762670405,25.528586092195084,5.16
237.47523866640546,57.077873153925175,28.371845085630724,15.486445937036574,6.21
128.07056850135217,121.4726782601719,8.199169313036432,32.06589399590196,5.65
53.5925668498775,173.45767607759007,7.927855456866726,35.111154729291606,6.21
122.998577424409,183.06410082223655,5.065485020734974,19.10595515326977,6.39
168.1878325412886,34.748919026866304,7.839207388070477,36.70662679087633,4.33
280.0543654636233,118.06844162121772,10.789698634950682,31.155170584853767,8.24
211.31446970946288,198.042557439572,10.601891496371332,30.457368561219916,9.04
172.52877957492672,74.0120749229792,6.050571378507037,21.547518993468664,5.88
137.75251770157615,156.13581745645294,21.586471556126096,16.7821234107761,6.5
205.72464511439762,164.32866197759273,18.654983780181944,23.318319913485986,7.82
68.18409690632191,177.6679439935169,31.326401161116113,18.86671624474768,4.3
202.52380369849743,190.313640918427,23.190857670499184,27.424997135908228,9.85
53.083962563012626,31.32334568324431,7.4938716530715554,15.74682774891021,2.88
75.37462095222716,170.49420214315057,6.191441393844479,21.927038500939254,6.55
104.73399378195491,87.0152777431486,10.186550635598476,26.245871308084396,5.24
54.54085103333867,45.59264774972329,2.1130357563440993,29.394347484594643,3.5
54.17241212756709,170.55915272770218,20.477545227277112,27.121175365375276,5.39
91.39947880976676,77.38711811714084,23.73985663287406,19.832708846624932,4.22
70.24624905464792,194.6210395553178,0.8792725923849165,33.4620403227285,6.08
75.26292016190149,46.21315640697621,27.8972646894877,29.784551594981995,4.04
243.51387530536056,188.74661103183885,27.67709453066368,18.584585340683198,8.79
94.41957971689422,33.05401705180665,28.13120216169002,24.258106176273266,3.34
279.2104136619349,137.04591279685906,3.61675911166643,36.8007010468342,7.7
144.58770755772093,29.220373352776384,19.860616889224193,17.836325294731722,3.21
144.25228493897146,83.12776183857517,30.913603337060135,33.47292176755282,4.8
137.07182186827623,47.25387990849531,31.93814020204762,31.266251551714735,3.83
89.49926443722903,86.00994354688383,4.232200994260569,29.44875173314001,4.57
190.42662239263214,184.04152691895356,22.163971215833044,19.013465187152967,8.34
138.46287245110142,171.76607570535418,25.768520639584715,29.96666083967741,7.85
236.80097973302358,129.2089163546007,6.671493407346967,33.34067274065828,7.71
227.22894671388588,35.504438878826534,18.55239298697505,19.001480189001484,5.84
201.09147413504257,139.42826212316783,33.4516525240984,19.95564686734179,5.81
71.32527383400166,173.2766909416266,6.2645125957059955,37.4194818707325,5.64
295.16957047972653,37.52781123944076,12.122630447004067,29.679161545934065,7.46
131.00178580302648,187.10705935654252,2.6250435271127026,27.636472137402187,8.5
106.47321806627176,85.6219569535756,33.747221186599106,19.483683686313675,4.89
254.98564026507412,121.27797612249363,30.487500447763285,31.412969424059845,7.76
265.60801972932404,97.78092262434728,38.663630808932666,25.400947302339517,6.73
77.12426553365002,90.09824241398118,38.068096255621484,22.353579534816646,3.88
228.38505638129274,76.07221382251748,31.316944570302894,25.18106150998996,6.37
166.1693530090816,160.02369321473662,15.294533242465116,25.191928942427033,6.66
176.74610999437945,165.58390001020712,14.470732476902635,27.057858572367945,7.13
214.3891046150762,68.4991003346579,11.100912196095702,36.468501921539456,6.0
208.4072141493591,25.273899758615308,24.724118622467874,26.71870408415664,6.18
181.89491674265327,84.69628882954707,3.2589559085176756,19.4468023730772,5.73
161.33762051602469,29.487762173619018,1.5026491817592236,31.495173282075427,4.92
179.90461267148893,111.567077158928,9.724981216906748,32.12926682748821,6.21
159.78516455055163,71.53037518014936,9.898519249325854,29.84046582472663,5.27
209.25265375682156,168.41307256398727,16.708342678919035,16.680957093601457,8.31
41.91303570260778,113.27703179285376,1.501146301272125,28.092294878103303,5.16
279.40042090537963,194.31544349007342,21.622107015556967,25.53871052080097,9.82
56.87381267998646,103.83060398014956,9.609800738572156,25.80549939331968,4.94
158.42104872165405,124.78606450665356,14.27081961397005,18.778220337486346,6.72
212.6431792975766,80.90621586653884,37.42092091035429,35.98077413873119,5.72
94.43058383986568,27.095165321665334,29.65234833403049,34.03503601103053,3.46
47.238673328272434,64.39816043206001,18.384590069317056,29.455589701922058,4.81
184.88547666278677,153.6744781427043,11.190677235481633,27.993909976006883,7.57
235.04181656819625,144.81215361722792,39.62570948688716,21.39149589771839,7.17
169.52921778523458,79.31547447931942,17.62412456236699,34.70985298699593,5.7
92.91288816629049,177.20500121145884,2.390490967135377,35.43778345005451,6.41
125.55918265978926,76.62577401453197,20.483543067946556,36.63587431763433,4.37
262.7087170576673,91.289805938384,7.96627590388268,24.77026617062247,7.3
140.243650387834,184.7749162640066,30.477375029723884,26.617657782112147,7.45
55.14183601327156,67.20937792669727,17.442819208772505,18.60876035536076,3.47
286.3669328442512,158.03280160719916,10.731488017110905,28.588504270912065,9.32
269.22519078560674,112.73460070487846,30.986104791720702,27.929329338034456,7.96
183.70301141184044,40.65355250087454,5.045506320646083,27.17927314551652,5.98
291.8918195502291,107.1583650825755,2.5440574551118944,27.68882325954862,9.6
258.6850043601864,199.43287117065918,17.2137269475629,22.366871077425078,8.63
50.68141488844437,82.5119253750256,10.609140900106983,30.7800965407002,4.85
286.6855293998987,68.2484937281548,32.45863756606727,16.27327578958342,6.1
282.84857769396626,157.94323050033023,26.317996448183692,33.94961677736728,8.62
208.3551468482424,194.4099914913724,28.55831791459086,36.26714802039167,7.47
177.32620756998446,42.83710905135679,23.6997391670562,26.097340392136246,5.23
201.86960343652325,21.808456589869685,7.793619666214564,26.300599933979008,5.26
150.33672677394503,148.645296021192,24.151710291444722,21.875301452261663,6.84
146.8122628475312,59.18596379430184,38.640858365208345,18.004590775819274,4.15
97.66266790272206,160.4848049084279,8.047009291555177,16.84145825816621,5.75
163.35782675957606,21.79446225221333,3.390646177053327,33.57539499994843,4.4
262.17401333679487,142.97160138316724,2.0933142920265135,33.00551821369312,8.34
259.8328108185457,163.8347862389518,20.339161412321044,20.35674228893808,8.68
294.9979053411014,48.02466759606793,9.026583322082203,19.871357447274562,7.09
246.06033958154754,53.64331336102127,2.6663931929322437,37.966898551469455,6.38
184.2013277148977,182.2936213075448,37.047719456585064,15.209258169457847,6.89
59.60716575812495,65.06457132275398,26.772616654540066,35.43026051976464,4.39
89.00996172684589,164.89403009870335,38.69312445413879,21.177775457035743,5.35
168.65474741614204,35.500899891147284,22.365466258518737,26.564019162473652,4.89
126.86720954250644,113.92955755493408,23.42617341715197,15.195398307965819,4.44
237.8615555668844,148.34257253511333,14.651455448260888,16.21752651808282,7.14
87.79135126527189,123.84850220207115,6.193655785898198,23.19246069961173,4.86
221.22338362290836,120.82087694168271,15.45850257311741,24.665740841573463,7.33
60.41256579793856,178.6264521973421,3.1151595636516305,31.256482712841617,6.11
279.20992266835367,68.7230487743116,14.81965748238057,28.085192334428477,7.14
213.9800804390612,93.85466993707917,18.828039979642462,16.130412977939073,6.14
89.67615623005312,162.2924493560566,18.15835332191439,21.938231557516424,6.52
234.73974452528878,69.0167714925949,4.700073608494932,20.79595909781365,6.19
279.3966772742308,124.68599081295596,21.339208349791313,28.717052792926616,8.91
176.05442481806494,41.0146224983832,5.162604993162518,27.34776036956022,5.13
283.5082566984182,75.50338190171578,34.78164675436873,32.57419849131422,7.11
91.91413189056814,86.82876569097088,20.067966640256994,31.685767874353743,4.29
69.44011804737261,93.14595294994307,19.402916365707817,27.43902247134541,4.46
250.0361774749218,144.7181169853974,22.234832567958374,31.089141019259156,8.3
147.12461212743068,44.911565474262424,26.63060961061469,27.067463053769313,4.13
275.7853101083573,125.72657634360385,3.416099371634953,25.345491786201862,9.09
236.65257423334492,162.94422111180901,19.78388211055035,35.57919412911993,7.62
273.63519674793224,181.3262089648842,27.428510752987236,34.756552583811064,8.06
63.081049408620494,175.69909571739973,12.82479626200907,19.101624785848976,5.47
105.30992119716147,77.70216548296983,5.399139442865684,21.812065607856965,3.92
188.79379178092032,99.53366745639151,13.868750449436448,32.16839896371362,6.41
126.32018255059658,153.99959021075966,6.079207298962048,17.99731372609969,6.4
129.86302962940132,165.38642642793027,9.853929889692076,16.45482840466963,5.65
184.37691458532714,114.96433203656306,26.21743913762645,20.363313751697177,6.63
264.7447766705434,75.68634117440232,27.765266159049474,15.370866866560942,5.54
181.30595143158376,33.092527119895365,31.605254949044333,20.008958440654077,3.87
216.02983186932266,164.57818218393678,22.475078249660527,32.04031375460566,7.3
250.30322014872698,73.04624657939505,22.848516710060686,32.14414800025541,7.26
138.528536551252,74.49816937113651,18.373840406912908,33.81316037003053,4.88
211.98121338414947,182.58925200300456,3.9418740565176957,20.337807290921795,8.64
224.31400162541144,168.27400314421394,34.281161133223115,24.54746506766345,8.13
99.99099345383398,72.41536189939235,30.89070227350023,16.737122978595398,3.39
255.17111654498254,96.98043544835043,23.8425572440238,17.062001318420617,6.41
290.0013679490885,165.30709687872508,18.385310174258407,20.142858611444435,8.79
282.6983273649616,82.02738723085491,6.43937726749499,27.952780934440963,8.28
164.0485526004208,199.02156620321446,27.166867981519715,16.703722865840298,7.45
298.1363542373136,93.42096262043428,11.496101353819302,27.83122122229137,7.89
40.371369200585946,100.92500352564721,33.47453688906369,28.16324926949176,4.07
299.79389772529464,71.632396216496,11.218202590402214,18.674237585380716,6.9
246.13841177111706,183.0362223145606,39.00348678830725,20.34266204421841,8.03
269.1373618596638,79.08591606992067,4.5136217806753764,35.010573286963805,6.41
151.75612695338066,71.70638507787217,29.47178274840788,25.428573304358167,5.5
297.2127857276601,29.85409680672712,14.200610645449867,26.08370384352948,5.84
229.60246476536767,177.45447322801544,37.54877207911452,33.51714766638911,8.11
261.15085129971584,119.09815411159919,33.03552905707258,21.9805899104029,6.75
161.5207072164606,71.40433092295454,38.46445769017787,22.19542644413037,4.63
65.49157990884436,114.82708988907441,2.2839631378070546,17.54249282509735,4.4
152.64524240034726,163.94453516050243,29.578986155364536,24.80532076178613,6.35
126.76309396966377,76.96438113106974,30.95980349176036,16.197665343089206,3.72
101.24714299457032,187.85071155752885,34.38011902499592,31.32505615515137,6.55
165.3785598877049,113.65825271444943,39.00978141135835,37.2127202093386,5.85
91.28309320342437,58.43674601911125,27.04372136658307,24.31502526751361,3.77
282.20154584769523,36.02175228128159,20.461025632379723,36.12599520019179,6.69
81.44267004056456,194.24399096823296,36.58997314910641,18.83985411779279,5.33
71.50041992785621,35.37352690548775,36.377746561465244,19.4533476252956,2.15
195.74287149552757,32.912361874536494,9.070344696020637,36.4242788991353,3.66
276.18662788982806,160.6323165330246,0.7760498247286174,22.52115567541035,8.28
276.49254071398207,134.10010312983954,2.876268692657824,35.90712854322117,8.49
289.01933112581787,33.98823531051059,21.294409394452597,21.977378490925922,5.81
190.29874652322727,192.43628358480032,20.12290401086436,16.907035372073068,7.5
201.2003467041262,81.24013900122627,34.237007583651916,24.997597411278814,5.88
239.8786869875017,67.80576769532479,30.68933576636892,19.735408147631787,5.8
123.63845586234045,103.78765503914589,37.72783398773803,36.42982276933797,4.51
78.8438409979808,111.79731427642949,18.42330202778666,35.717483736366844,3.95
281.8013982256789,89.04213038131257,19.66951772075958,35.61343373036106,6.74
99.72623375764024,55.922890861268975,1.5113802638271867,29.797503676604492,3.49
108.25267552562308,29.422492117636356,9.239172421122547,33.44402091523091,3.58
148.1783743062584,196.01366483032072,8.022586383522796,19.953263505655997,8.09
115.88546602946394,51.09631729059572,15.174623928167463,35.94918722076434,3.22
282.94680658851587,28.723561845648018,8.411047116074455,28.015437917340456,7.54
200.0436820302266,27.120351181270365,16.121550316285287,29.930541191110073,5.64
123.34643833384038,36.83362224762371,17.084497856773364,17.961352059465277,4.39
286.3821512153735,105.53075588407309,12.690366974274703,32.6249936357347,6.85
251.11161302160843,176.08738718020194,26.92032665154708,16.080181715376348,8.14
187.24394884329834,157.3930841595107,5.460120483343287,20.259427281845877,7.28
156.16076129829779,21.277375849079693,32.775929238659714,23.27597271464103,4.96
180.59906413814116,141.9141235404187,28.105183057516633,36.98754135299966,5.28
287.96294288784406,135.5798423045938,11.926014251062224,17.908677644282136,8.56
259.06417038094713,85.19268850294728,26.418788854577247,25.828777645415656,7.45
55.7775979271774,94.4016427768146,21.864597586546843,25.029080404727317,3.71
234.6547655652576,169.02649181815625,30.84972296132712,15.89269779967145,7.79
283.05373051538834,170.29221950938103,33.70138033407207,21.973788456472523,8.22
151.65645324046267,104.72707051686874,6.294863333996417,15.714566995622496,5.29
281.41201550538244,124.35268068915896,26.681474285014154,35.96626840705021,7.65
129.86124391420526,131.87131600485515,1.5519781891554985,19.295768149315975,6.21
131.1670997788582,87.82591299935825,21.342177342143177,15.005543107758095,4.86
102.72352736988725,57.4817255494786,10.019317869990537,33.53583437826915,3.64
171.1084998061882,175.81610654709175,9.653988153499995,16.80633358423437,6.87
132.66523132091282,154.577328421696,22.027621787791784,33.786247500209996,6.24
50.41796245054933,197.17795618652744,15.3392449030017,18.501248920087935,7.12
213.34430240307876,71.17189203718269,23.431130837241906,28.495661880425597,6.88
108.89143600441518,100.75386649119216,21.50768514363886,30.263368577647892,5.07
243.83268113145326,91.06531091808608,25.84187776386384,18.46405192057594,6.45
229.67556971387398,23.661394738791977,8.20748571619228,26.202898519442293,6.09
268.3456416104101,114.90592699112189,37.19481929175516,26.127328621404317,7.36
248.69062347957714,64.45377424407124,35.9844995748926,35.94895706759911,5.93
285.2606290872789,113.6414880385562,27.083751391345775,32.90586524141826,7.94
48.917454338861035,109.56189500997066,6.193707264809096,19.20722729712795,3.74
134.9123673400764,97.83869000897054,24.92689698128749,16.71185362408586,4.23
189.2335455082529,134.73283020701302,22.268370262114153,31.980796741001075,6.92
127.25840350263435,157.71918649396355,17.310683268327747,26.136243461419724,7.41
120.56025035585277,35.44297128190811,3.6374179965216458,36.23414618066026,4.51
219.21262351871766,42.87847047873327,14.268926772356254,28.627108859736715,6.08
42.383043047792285,56.25183850289973,38.36096703891864,29.108242470009934,3.07
108.03455532575168,32.058396991252565,1.1276536178888863,20.629136831649326,3.63
227.28667598315818,185.29130636839238,16.321618464112664,19.399379533860134,8.83
174.45066202279907,183.4550636707738,32.174976565508025,16.514086397352536,7.46
275.9404258500706,42.0466550330535,21.361444528186265,35.227641950773524,6.99
146.60618455285316,106.75908519191607,2.8184271066783317,21.39730373032495,6.05
113.49351374070135,102.95637234853736,26.85217694257119,18.73021756538118,4.75
166.47502065688735,152.93702710566336,34.67420852108264,29.403963317235814,6.61
285.9018892840503,43.863333947206826,30.98691748727193,21.090775400901332,6.57
282.7342173623254,149.59271708650633,30.152548519134758,20.038360980377316,9.42
240.19314073371623,38.712687664230124,38.49461265818113,35.475075422754784,4.81
110.29063352885193,168.09684374581977,20.732956921592937,25.62154907592643,7.08
229.77117060293543,93.96792289329649,25.168767720331683,31.084197186571988,5.88
224.8916724239743,29.353897663612443,34.389912227402675,25.539826239596103,5.06
165.5836693394271,179.62967710441265,15.133903267305877,32.2436921760215,7.1
65.17287005667683,105.69020638719113,39.667445615709426,32.720069464223755,4.24
100.7424385486273,93.72096690725166,31.20336094939859,32.738170751679284,3.88
99.30609825462014,186.00019726787482,23.702727310593072,23.738258692126333,7.96
185.57153827990422,107.55290639651207,20.197312163576004,19.057473939841383,6.12
251.31055511921664,117.51685758938277,5.243194468188124,32.6216133364039,7.14
174.78390292459693,40.26966128285972,37.35949674050469,19.222331429168356,4.26
105.71912358730266,93.19457483929467,15.326578742365031,33.27724652515145,4.16
109.47457282637927,111.64040933375396,5.898156697045396,29.06808053985832,5.57
187.09429970329793,148.64641694880638,37.508184615174706,35.98185490532658,6.49
272.7221449192418,194.96962543222787,34.37299804281904,17.530407585933503,8.52
286.33127949554626,96.20444492314148,0.37241163049414716,25.175056037208453,8.1
128.02404713363336,105.21828804692878,24.52681442972468,34.98242520380987,4.84
212.09440988270143,98.12879632607252,32.777114146814604,35.82838916418204,6.15
113.97310953303548,28.471015617850533,26.741867804559412,34.84372788156219,2.87
82.35469016412245,166.2344583723021,34.13582934147767,36.02983018132912,5.72
123.37231623147238,119.42084242199051,2.0202988332912852,16.009265032481103,5.21
227.29703531037276,100.00639603600239,10.251695014768703,19.379510408572933,6.47
166.06327232618693,83.89912084650953,12.828486599371756,37.170068277683335,4.62
206.8107171232825,24.21793196612988,17.20703633777253,35.125200094111314,4.48
237.18004061337862,129.08248974849462,22.812500313060156,16.232260870970382,6.91
76.52974254683451,132.05889131836048,8.312953658353432,26.59361183421376,4.79
286.5905404407881,171.64353923040352,28.89494030531194,16.79385892741641,8.81
67.59380502034506,108.70064225569203,6.428533967639427,37.500105661177905,4.26
134.6714747787914,135.08955586173764,5.161456355576997,24.89727784497499,5.89
111.42330852985735,179.79527444090385,1.6234284853878034,36.01573236214856,6.27
245.2155702160472,25.61844086097456,38.67462201173574,27.111683679565154,6.22
118.85306677701577,85.26497826704187,2.6562141384198945,37.7550388229669,4.65
155.11134120367916,190.80491927396872,9.839989612271808,27.23799695057426,7.87
165.41261423151576,146.51595992901824,2.7204092780968203,19.45714999053716,7.13
89.17606104495242,123.2285175003758,8.609752820038148,34.81737385193151,4.67
284.968218167306,113.32873548960328,14.09235536836713,20.38332882540248,8.1
285.45073235304113,91.3299072485061,27.75453369313578,26.254423191927792,8.82
173.26981614029503,68.19937662874115,18.19803107367999,25.828054931292264,5.84
125.62353214545111,27.59608434463372,19.851805020025587,27.52261063943088,4.27
83.79454329429797,156.883629129692,39.39716433765967,36.7528184911946,5.37
223.16834546703802,101.69238148524408,21.624439772989163,34.54080402459654,6.44
164.83508430597703,87.17732643892283,19.72989972103943,28.31998549280613,6.46
65.86901880696591,128.75130887106653,4.838426489539693,16.81004652949418,5.42
177.10083286702226,92.5013961283691,23.55241080624893,17.05210986531649,4.85
296.6460223402703,121.00703823833139,27.497474437634693,22.48462045569998,8.1
64.63211784262948,195.65675530103658,11.450361415327329,24.74758825899221,6.53
250.6673739344946,116.58407420515165,11.128687482752886,16.416983661726793,7.15
82.24958802335478,181.10609459361865,27.44096895743564,20.747739597648465,6.17
188.82600875161893,92.8135144024823,14.544457967602554,19.98672834636949,5.77
214.09892669975457,194.7202450028967,7.028609833473034,28.733682260356577,8.15
106.07829283323174,168.52427761905543,19.410224165889645,27.498334600560074,5.67
119.2378373273047,52.72552382005095,3.4364155281128195,31.424740241273067,4.76
141.49787597220802,94.83946417813726,18.767099843710866,23.45729568693349,5.06
66.16119407787342,75.73372580051225,26.549374427757538,30.313041233784034,3.81
90.29627928310374,57.86697467537044,0.9218835362642963,35.62517064787812,2.92
94.78373291947561,60.956097848563395,11.184057305805272,17.930385648994868,3.49
74.89263084485107,136.0562107862167,13.58642481925771,31.28280001412735,5.47
184.93043361423693,66.08381115107235,26.033118019573124,17.674294646736254,3.89
109.6471315325346,128.72089959311,34.8533436936113,37.97480809455077,5.69
198.01831987329038,92.84705737925063,9.008284008648065,20.91321005608757,5.12
277.59177588248554,86.29318417802772,14.937783645817419,23.82129378598147,7.31
257.5212546955911,137.14189775244233,24.56675401275571,22.68528951482883,8.03
143.54506106448733,109.49011052918343,26.696621221353244,15.293604809911638,5.69
266.6034826791444,100.41311455605072,13.718660788003127,18.179648009583314,7.08
144.9481405683042,142.15881688884147,16.83586115036904,37.11260429047118,4.59
195.8121546341339,165.3460284173436,4.374236124379154,24.13769973775583,8.37
263.8895152159706,34.1008791971612,2.9029919217884315,34.55730728762477,5.07
95.34102236997293,140.37558580096646,21.715125294432205,34.15655268240628,5.77
147.8994171763961,78.84957804584509,24.26757292791543,36.40031781253572,4.84
257.60123653960216,199.18704993197957,0.9027433280950836,17.595737328393533,9.68
114.16352899975931,63.05799584615938,31.479031975248034,16.296782638624325,4.0
136.03948837147215,111.04566006661935,22.413946974012937,31.758148606233867,6.27
192.19760992564863,118.57089811767447,25.61933172568849,20.967330934565755,5.73
62.008675932003534,41.468900967153814,8.983295306156043,26.50455251702406,3.88
245.15055709253227,83.17561230669645,16.186149665942008,24.054683377784094,7.36
89.88702794517039,31.018998465842962,23.63664371308907,37.75198371867348,2.51
255.70738939176138,146.70860006621277,37.82694148203218,24.405326422403455,8.59
212.11215825716488,103.67386054638872,25.22354789234174,25.340774838177957,6.89
177.431892373735,165.908692686829,29.420828231743247,30.267207350653216,6.74
69.48064484366886,149.7109323194687,20.01220625418059,35.56428933044166,5.49
78.50620764305313,154.33648626243382,0.33418816688554287,18.87777811398285,4.53
191.00717576190368,148.58976116671263,36.665724107756645,31.22642299449635,6.63
40.33395063696837,41.62866657241195,21.382181790241567,30.527987374421652,3.75
148.53655381308025,151.52222207511025,20.87449181328715,16.70605249866918,6.44
228.47731412235427,181.0571576622491,4.702289964837463,37.7751182961467,7.94
94.44574562698273,22.12037773159556,39.896917562142164,21.464699365237603,2.52
190.85941837177685,182.72629756182067,12.807246697137543,30.415841449020263,8.38
88.8549330875883,132.46317176937055,13.458014072700406,19.85778994752289,4.81
274.49818803784956,91.4936395370832,9.811172198974694,25.313380343366457,7.44
123.33940336968884,153.99546568639866,38.848796475419775,25.07477410404588,6.49
80.8812729245007,144.3120935746415,20.537379885032806,29.96395003479838,6.2
271.31872726863287,99.27822271808829,36.047104928694225,32.26538732847806,8.52
124.65109445494298,197.04751395297936,26.69404652201584,16.00847760742249,6.53
124.92169549448228,132.19659807663035,2.253331111969592,15.549336400340284,4.6
153.95763808862313,67.28479577840093,6.5887098777192366,30.850297210547765,4.99
173.78849022962814,56.027758024886026,12.783577050399932,28.611581876256494,5.88
226.2445893037673,140.48937626057645,19.079676615127,29.772397760663644,8.2
49.97400424487341,131.86359607822124,31.115108221475086,26.508242288840975,4.36
207.12853304214144,144.70421575338358,34.8387039945017,22.873683896602785,6.89
240.14079992025225,121.04404835408083,35.313459627123166,27.139678490799277,8.98
234.82199233703295,193.64428618912297,2.942534168630626,16.228995854993393,8.8
283.763087725908,115.37761259327709,24.596120582677443,26.095742836678763,8.34
234.2784077230326,76.10659786870616,12.249569809136016,34.27035176082693,6.2
58.81288701274492,178.59892670418185,10.266467595836577,28.63864919837636,6.31
147.75175124142953,144.11615760297474,13.759185452654808,21.37694357603128,6.74
299.1376522630167,155.1422416123618,25.788799095272704,23.171661794044333,9.8
179.71858951540233,171.34131294904063,1.3370613237288653,23.435297757796622,7.98
101.6383017052863,100.50913426828197,2.895055727764899,36.945027756134664,4.84
184.0551796996548,187.54991555164534,0.2139595477689138,32.2094925421607,8.07
274.793169806654,45.14970205621174,3.8450340692860596,24.76516996527698,6.84
177.13868056765037,45.40270129387794,0.03158044372875146,33.63322208714561,5.4
62.769386376421934,134.09296737235832,36.58465818060766,19.798994002643912,4.39
196.97633739777936,49.50770977157649,29.43814242060712,21.92831978025989,5.36
160.48166228920803,127.8974975649719,6.850936426649583,32.05766982820528,7.01
81.15359318183715,143.86117865714306,5.12752291241847,24.783199414209623,5.23
104.27357917210797,154.70754489707286,10.481400180274981,35.279498047094116,5.83
199.5999457020083,35.789175509593576,15.661483984065168,31.406399778529263,5.27
211.45004418097824,132.44612049318943,11.301634546497743,23.694573836991246,7.59
171.0110871657311,147.57781382221782,9.95774099187491,22.462079258606522,6.78
126.89598768762981,24.633633754498916,13.64191491322494,33.476005190914776,3.76
158.43044075699726,25.548431365886646,35.168173503415304,15.299234908795073,4.08
285.63502085465507,108.05892476385633,13.677379742989064,36.25702400138118,7.6
182.72245636982777,59.477672218048774,17.155497254008424,30.002072136706715,5.33
229.05411118930115,20.129034567184362,37.47413720364061,18.784083565034685,4.42
49.83323550352918,42.14938224625848,39.45399691776648,22.24998495967758,2.38
69.97828348815283,39.2584270114322,28.778398706798875,34.65507927275074,2.86
99.77877642402447,112.8702581345762,10.139750130287615,36.6323579253678,4.42
275.54543166082874,122.02509890188388,14.176959679495447,23.76637828679892,8.96
157.42613883489787,174.21139037106153,37.76379143721458,22.726761527715478,6.82
185.78056515767682,37.1101766298616,8.018761910654359,24.50971263433368,5.42
81.1544265753655,102.01894787955655,24.227969618395026,30.912869887699422,4.57
139.59803612889175,176.43783237045113,22.73276604311702,25.10867895029369,7.21
253.39131861208986,130.6173832798368,33.286498149164736,26.36226842378403,7.65
70.80004332456528,22.45517225045859,12.128781868743648,31.05378084444923,2.73
168.87001942964426,95.80140279813469,16.420911374057113,20.321020403603463,6.23
75.45648730765917,55.40394048161836,2.213295486533844,19.557007061942272,3.35
133.03870124679864,21.5212692912429,33.56831812157836,15.735872583319468,2.64
284.44675702960274,180.57338319685172,21.420876643438543,27.502698222959715,9.04
208.2777936834424,28.058309963927638,2.1619050939890627,25.51629965124952,6.34
182.90179828756908,179.80717526044742,4.18642535631585,33.92090232545945,7.51
122.31663305512735,92.02794911577182,6.019819922903422,26.58211171128176,4.93
248.4270733561555,99.47612186820145,19.624543035927964,34.52165446147023,6.87
107.00086852918672,179.286814432094,23.080816067622333,20.086395032545948,7.35
109.97113568588269,164.56395600852426,1.7658224834982184,37.81812030166286,6.2
142.64158236063753,108.59891299174403,35.22602309858311,24.496957360551903,5.58
179.74837595504096,28.87393923365059,0.09389895469812615,20.630397079039696,4.39
69.57810928918285,93.9729094464626,25.91348154432906,31.3776558217024,4.49
86.39717526557745,34.325866526967644,37.61588135782177,20.99532679892834,2.82
253.6683794060921,158.4651006634856,23.868919604248685,22.755646808885913,8.64
108.25223710930146,41.94005817446461,20.390282676034857,28.46100013672647,3.95
134.51375891600935,135.38109031772623,36.050368311862535,18.770166027079732,4.6
139.16629057481208,45.356348711155036,24.997750816313278,31.764021718237704,4.28
287.05491352501184,31.387280927721463,24.120554534583526,16.31405254489659,5.99
272.38128881810565,115.36563027260974,26.773934030511843,34.12620029594041,7.37
73.53451606106296,104.32302267567557,23.93224302784075,15.712323878717733,4.42
111.4728711468428,25.903977369841282,16.81341556781996,35.58730066852362,2.73
279.6489340574319,156.34442913015855,29.26821090892606,31.31115618727131,8.71
92.088353485075,57.98120450735469,27.5317199370902,20.05362325253913,4.43
243.82765470543865,101.58711905465474,31.687597531009803,34.288301312555305,6.63
210.24169533390767,61.11665341551563,10.9604712154219,22.241346574400914,5.71
94.47499832125834,101.95917496554839,36.337501914890595,17.403047285341035,4.03
227.26966022632286,143.710940794363,3.8301679465343064,36.2191653128334,6.53
236.70003170877973,66.32578251229413,27.740393481852816,15.913357774161685,6.2
258.2460897784107,100.67075246383733,25.46771657431767,20.088469855553726,7.63
163.03542858994365,131.19084633112297,18.253036952895943,35.56410149293045,6.56
169.445986933723,171.5255676251874,32.05408233080994,24.4416108910122,7.2
254.81651770155725,60.973856447490625,20.977453834309973,33.540225203097194,5.6
131.9041435333785,135.59773466048551,9.825262961952582,17.513427243467678,5.78
110.55916272069199,173.9196959595392,13.858771483146688,37.380043038825704,6.21
294.73092704120353,68.28968368164021,1.639128889995618,31.21645553672372,6.97
223.95593293429113,25.61148364014582,34.80786761968969,18.189008169605984,4.76
73.1010884741485,51.62101363434522,38.410654339682665,30.94289528583846,3.21
127.44130915128845,62.20712122097059,19.225921132496357,27.692060871285875,5.54
204.2614593497164,66.28133071976501,37.946163236119624,18.904445458764123,4.32
156.7720876218652,122.71962421654203,17.42356632050836,24.541477556936684,6.32
230.5080880074597,143.45772951556364,33.330851281433915,20.749056568508397,8.19
136.1318308268991,107.49035754248257,12.55128573222915,18.262421145190658,6.26
95.58831477231054,38.992456352216195,27.322783007604965,30.196730041510484,3.6
192.3243931372596,195.6940998450534,21.29217455392665,35.82240205265006,8.43
61.59007703064847,54.38933636756291,17.630197737652715,28.449406591758006,3.46
248.30459085678444,128.78852943490546,7.941714354728067,26.381054502292663,8.11
233.00066383876833,158.67412167235588,19.98473647995048,22.01993419296376,7.28
230.08677558092614,63.59302020687819,6.868399558947527,27.186179446127618,6.31
115.39672208747689,133.20292608625073,4.717546994969339,30.063645405048398,5.92
242.37669518182773,129.54288677131535,38.83618845799478,23.59293016928336,7.82
217.17975925446453,31.436430036305346,15.849893872656239,37.167806207328155,4.01
71.27045041343779,146.63510123267548,25.794241737189072,23.600590412886817,5.64
287.2447514851169,23.996506337813056,12.148954065273031,36.184598184890376,5.36
178.8973065821243,168.28431498569682,4.125870435134442,36.68947632185193,6.82
246.71894910710265,52.62504599927935,28.480318447926507,23.854050620663813,6.89
290.3240500749904,42.7980571124949,16.825209475152775,26.06165698593898,6.73
137.8410724082994,85.3740422689205,2.0907467024638615,30.767388272940337,4.78
252.16871059853779,164.46093466729303,19.455665123555754,21.864365206398492,8.33
205.90410870707763,71.86738443993255,9.440317212948482,31.801837042605513,5.66
102.65902707893866,188.50260287722423,20.806408920975827,23.390816215080708,6.58
267.08177905639707,91.09824869882584,13.400342798307832,19.76749801864392,6.36
216.09902941751668,72.12488684073088,23.087989856902457,16.515519795735372,5.11
89.73518074109373,93.33294889004277,37.477970156347816,23.676795671460994,3.97
73.02872975304025,30.536588014409023,12.216539941710053,18.626203616328883,3.32
85.2427164841923,156.936675509651,0.6335228377949687,27.82963289191499,6.41
186.33586167579676,76.40618500231008,11.804354407371411,31.86824253470283,4.63
266.5320169115009,54.664693842535016,3.904750421405958,35.6493035470166,6.71
133.4812175752009,42.64442054228924,23.573265797909123,27.078239590701482,3.6
92.77832538971128,101.33642803741002,31.877900160625835,28.5798003714815,5.03
222.71195781529258,162.68661304053524,25.16470314537067,18.511137784438027,7.21
224.64504931344177,141.92153229467294,0.9770753176253288,24.47019635457559,8.61
96.19531120083938,126.35694613536653,36.5282384725669,33.34945456079798,4.49
279.57901141629793,196.1310740478842,0.42680508024651065,29.323049356681985,10.46
105.47182252237424,196.5853080407137,24.54831878174989,33.25136025126311,6.64
62.25588373391976,53.02241925659571,30.336146921368126,15.505690006904443,2.16
198.98866170699176,145.28565325804047,13.699008767452167,17.483136306549216,7.7
58.10792561454907,126.00848406125861,20.82621414936446,32.07062320978605,3.43
143.50266634142002,24.760442467580145,13.422288067866287,37.44846362306337,3.85
267.1244498190431,79.28805206615918,23.511816202654888,34.48782514731636,6.59
59.37272007284642,111.87068984276719,38.777575027035134,30.943819471033958,4.4
58.43820977402808,54.0849576425353,30.852925728674002,34.35311447899363,3.83
47.36773709968001,169.13544672467154,31.531008326833184,20.957808314376983,5.92
224.25594719103182,58.67382915649966,1.6132064420605197,19.626140479578677,5.67
148.7968692656191,111.53700046958743,19.070155020333125,21.225515937201656,5.3
47.58437382925936,128.9182920026871,15.829793193894176,21.86945961991364,4.92
263.019042576835,109.09690304824298,5.237250085071099,31.013093030789264,8.04
93.57918278366556,99.42134043650903,2.60003155795554,33.9820932557286,4.75
233.53573311903756,131.5001132872676,32.123025693509796,24.931517318075976,8.2
244.310205903531,103.24222707172663,37.63863151371175,26.186558318978395,8.03
253.61019985781786,119.80804057781074,7.191912539803016,25.75843931202433,7.93
291.6988507565164,155.53751474705334,32.446504155165286,15.754986472842523,9.33
255.80849774329943,28.869257644898866,34.097555425674926,27.61322154506397,5.79
91.30163234977559,77.10593896094599,11.27718207006243,27.209757788634946,4.64
100.68303005911301,101.60670900874831,20.68483552453322,32.56304103112565,5.01
156.30643093320882,162.175631786397,24.733852281818297,17.601294006747917,6.48
143.1912422031503,153.837968534713,23.229485591894075,23.927060863051736,6.16
84.39767369710026,60.83067841858912,23.02004073876236,24.739092512695226,3.43
212.3556256095871,173.45697335407408,10.317580271476023,26.30482719413201,8.52
293.63710554543445,79.98351329913098,23.801853796950446,17.07450110460562,6.58
289.4012131841937,148.81927737301606,31.526391525428256,31.19440029774765,8.77
193.3295493798811,100.98430059539096,34.33493519044249,37.00722035349045,6.16
191.66655659701456,116.90915364135797,18.179309318214266,19.813618515192758,6.46
40.96711181269539,63.471120834091025,20.388926864142608,23.73907890197431,3.6
131.07081637402518,101.39292908481941,5.3406220541127825,16.103027846050715,5.05
241.6064737940486,122.72297151295615,30.428192241755802,18.446844374390686,6.31
99.29607239400518,22.074682529537345,5.213628942762876,22.113166564492992,3.72
70.38847775364415,197.45451927396874,12.345305940958028,17.99745077415355,6.35
56.65131620484502,175.23814342540823,38.45998716948589,20.67519067534976,4.81
157.02476983362345,23.984201185309473,25.62840898908886,24.520299335209543,3.95
210.04600019127773,94.9190655858166,7.186371561196481,30.849508874196953,6.33
186.91879358954034,174.5609698873093,4.699035955059716,33.07033184472249,7.39
220.6533897666474,99.47851199836947,37.799391422233725,18.257061064211683,6.39
207.13668161209188,88.75640818333027,38.27258682363511,22.58942259167636,6.56
298.85709246891156,65.47934039083083,17.471086772932786,26.964156941035473,7.3
116.68209530900472,22.747671136285355,8.805169767901067,21.484548339860446,3.05
267.0461327398349,146.8840038916405,3.408019102386479,29.952126376218423,8.57
209.95068386546131,192.119811255853,0.12083485424644991,20.702446345533566,8.95
63.785569061708244,112.49765026008205,9.263319651559975,19.168015003113197,4.88
250.67885777206646,44.306864602498536,18.74606547985541,36.58729951047876,5.7
84.23711244606105,76.89887982936122,16.979713307061406,22.114457160239127,4.31
112.9652507678941,195.00134765894435,6.134593096629826,31.86654190048783,7.02
88.23675356700699,137.30236307811685,28.504056291935726,30.82470193589557,5.71
123.02238880555726,65.39643238867956,38.236751998481765,36.23588869020838,4.63
157.60410418491696,96.39002325305187,6.270517903971786,24.807339299315373,5.98
179.7284040359498,24.050778937163564,17.764520207016258,32.97119302308961,5.06
276.48441139367264,23.245761768541403,22.281903447689366,33.10902351342327,6.62
180.7471995023295,78.30119946446825,5.450022603679114,35.413950651772396,6.07
192.32155183262375,141.35458099070013,32.170446175138004,30.16057752580309,7.1
143.4942585765238,112.45400910715718,32.12182098703519,23.593956816578636,5.4
277.7919531576544,36.38653669017951,25.928367097942235,24.503473012464347,6.32
145.461041466415,142.31933058308312,2.683749305195149,28.655233007882998,7.18
84.33790124238158,181.53542901407127,26.24584367389769,35.28266041887571,6.23
166.17298644865156,117.56600211749637,36.76153108114684,35.69791949715745,4.93
142.2243129867087,89.79757913535495,11.474674999311759,21.17733089965823,5.15
263.87636348472705,32.5751457232391,27.104447283983767,18.974861183498405,5.44
110.19314558242013,158.31579280110358,35.40061298189035,20.09512449375444,5.82
160.52243820731968,104.65832862869715,34.94301223038937,32.54437821614353,6.74
260.3123140164354,21.71701172459809,16.115601242001944,35.86659284737281,5.55
232.48138801942736,117.71144738013344,21.185781081405338,22.99871224490207,8.38
148.7743899914862,148.54756635059132,34.449289090415434,18.55775150825181,6.32
157.40222593253037,93.4436164313146,27.498592161989123,20.746951700932375,5.89
148.71421594634188,183.9828259962596,39.72654955733914,17.440117148802898,6.91
100.59382887606324,191.06835526677676,38.33310745925547,17.247267333895444,6.77
45.30441877893365,128.8080168065227,11.081017954784972,34.83370307811383,4.52
113.69989880866058,143.6160296507436,26.968785297895877,20.094351623771722,5.71
115.19021951112612,165.61599493046754,32.01456753821381,25.511550900430386,6.37
197.69317858403693,128.7667128776465,33.08632593710493,24.77505552483354,6.56
179.40999261337308,100.84667649179826,17.604830839397447,17.096158799063268,5.29
226.83697257945087,58.47260383674393,7.878145208348855,24.493441366380047,6.51
136.58046822696258,100.80411006670222,21.486772864161154,19.68131701708151,4.55
80.49542194503775,178.47594251724885,17.348948113256842,24.4781530215484,6.4
184.08412761886,120.59135677183997,28.281246772915374,19.08208220479327,5.99
105.57801489996089,165.9314837414743,37.88682467373576,18.126453189448377,5.07
55.619023772295435,78.59060086270438,5.74750500736851,31.328460688987665,4.0
178.76860755457557,45.89020477825596,0.3696635362205747,33.587612127556895,5.26
127.59969739995385,125.38746889670641,12.62614507929296,16.999609895921846,4.91
97.96700222501593,53.85054196623361,17.120774097585752,30.14052701880162,5.34
290.34632844047053,126.10474455678442,18.846902375125673,28.18823739564719,8.81
281.25416376412704,169.10806620829632,12.91914933455232,20.456850364114157,8.96
233.45285731943022,110.57945729293317,2.7118558331245035,31.64235611011956,6.45
249.55223345444801,72.10961572154955,26.565029571334016,24.811613724251046,7.71
269.67092226574704,109.22906181408959,12.530029619552877,32.334321171920365,7.81
97.21722624401986,89.93560664108757,34.629089484271745,31.661713826194248,3.86
132.5517816163815,71.13874686093794,7.043571517754157,32.0966570120101,4.71
105.5381705810446,101.75014463019748,15.434377873444362,37.58777970861951,4.25
63.35469566874185,126.33566984355167,23.974542069530624,24.631456781101065,4.95
